wavelength_nm,R,T,a,b,eta,R_as,sqrt_arg,k,n,k_isnan,k_isinf,n_isnan,n_isinf
2.20000000e+02,2.31234845e-01,1.00000000e-03,-5.90998863e-01,5.91002247e-01,1.69204579e-09,2.31234454e-01,1.56503737e+00,6.81301534e-05,2.85258794e+00,False,False,False,False
2.25000000e+02,2.01954196e-01,1.00000000e-03,-6.36876105e-01,6.36879245e-01,1.57016024e-09,2.01953879e-01,1.26839992e+00,6.99364820e-05,2.63235345e+00,False,False,False,False
2.30000000e+02,1.84517211e-01,1.00000000e-03,-6.65011179e-01,6.65014187e-01,1.50373072e-09,1.84516933e-01,1.10985520e+00,7.16430738e-05,2.50603072e+00,False,False,False,False
2.35000000e+02,1.70082944e-01,1.00000000e-03,-6.88761319e-01,6.88764223e-01,1.45187870e-09,1.70082697e-01,9.87757839e-01,7.33269717e-05,2.40373873e+00,False,False,False,False
2.40000000e+02,1.54598046e-01,1.00000000e-03,-7.14703464e-01,7.14706262e-01,1.39917895e-09,1.54597830e-01,8.65240150e-01,7.50231755e-05,2.29592081e+00,False,False,False,False
2.45000000e+02,1.44214281e-01,1.00000000e-03,-7.32368197e-01,7.32370928e-01,1.36543086e-09,1.44214084e-01,7.87657468e-01,7.66778766e-05,2.22453377e+00,False,False,False,False
2.50000000e+02,1.36667280e-01,1.00000000e-03,-7.45342386e-01,7.45345069e-01,1.34166286e-09,1.36667096e-01,7.33444690e-01,7.83100433e-05,2.17301732e+00,False,False,False,False
2.55000000e+02,1.31493837e-01,1.00000000e-03,-7.54301956e-01,7.54304607e-01,1.32572670e-09,1.31493662e-01,6.97298651e-01,7.99229634e-05,2.13784825e+00,False,False,False,False
2.60000000e+02,1.27746694e-01,1.00000000e-03,-7.60824830e-01,7.60827458e-01,1.31436072e-09,1.27746526e-01,6.71620078e-01,8.15244059e-05,2.11243578e+00,False,False,False,False
2.65000000e+02,1.24747514e-01,1.00000000e-03,-7.66065915e-01,7.66068525e-01,1.30536848e-09,1.24747351e-01,6.51365048e-01,8.31200770e-05,2.09212639e+00,False,False,False,False
2.70000000e+02,1.21895890e-01,1.00000000e-03,-7.71065827e-01,7.71068421e-01,1.29690395e-09,1.21895732e-01,6.32348237e-01,8.47153123e-05,2.07283711e+00,False,False,False,False
2.75000000e+02,1.18591419e-01,1.00000000e-03,-7.76880087e-01,7.76882661e-01,1.28719781e-09,1.18591266e-01,6.10601678e-01,8.63157900e-05,2.05050489e+00,False,False,False,False
2.80000000e+02,1.14224993e-01,1.00000000e-03,-7.84596362e-01,7.84598911e-01,1.27453863e-09,1.14224848e-01,5.82335931e-01,8.79275991e-05,2.02101874e+00,False,False,False,False
2.85000000e+02,1.07242948e-01,1.00000000e-03,-7.97014153e-01,7.97016663e-01,1.25468089e-09,1.07242814e-01,5.38222038e-01,8.95663547e-05,1.97388697e+00,False,False,False,False
2.90000000e+02,9.87181288e-02,1.00000000e-03,-8.12308011e-01,8.12310473e-01,1.23105826e-09,9.87180073e-02,4.86110471e-01,9.12222098e-05,1.91627754e+00,False,False,False,False
2.95000000e+02,9.13781716e-02,1.00000000e-03,-8.25592627e-01,8.25595049e-01,1.21124935e-09,9.13780610e-02,4.42726465e-01,9.28683809e-05,1.86651243e+00,False,False,False,False
3.00000000e+02,8.64281923e-02,1.00000000e-03,-8.34612448e-01,8.34614844e-01,1.19815918e-09,8.64280887e-02,4.14218427e-01,9.44924032e-05,1.83280720e+00,False,False,False,False
3.05000000e+02,8.19501482e-02,1.00000000e-03,-8.42814530e-01,8.42816903e-01,1.18649899e-09,8.19500510e-02,3.88934607e-01,9.61130102e-05,1.80217692e+00,False,False,False,False
3.10000000e+02,7.79765839e-02,1.00000000e-03,-8.50126180e-01,8.50128532e-01,1.17629434e-09,7.79764922e-02,3.66893220e-01,9.77296906e-05,1.77485920e+00,False,False,False,False
3.15000000e+02,7.46290610e-02,1.00000000e-03,-8.56310375e-01,8.56312710e-01,1.16779928e-09,7.46289738e-02,3.48606639e-01,9.93409831e-05,1.75172445e+00,False,False,False,False
3.20000000e+02,7.20291409e-02,1.00000000e-03,-8.61128915e-01,8.61131238e-01,1.16126475e-09,7.20290573e-02,3.34579212e-01,1.00945356e-04,1.73366812e+00,False,False,False,False
3.25000000e+02,7.02638445e-02,1.00000000e-03,-8.64408319e-01,8.64410633e-01,1.15685914e-09,7.02637632e-02,3.25141097e-01,1.02541568e-04,1.72135918e+00,False,False,False,False
3.30000000e+02,6.88888839e-02,1.00000000e-03,-8.66966911e-01,8.66969217e-01,1.15344502e-09,6.88888044e-02,3.17837786e-01,1.04134086e-04,1.71174221e+00,False,False,False,False
3.35000000e+02,6.77093560e-02,1.00000000e-03,-8.69164845e-01,8.69167146e-01,1.15052821e-09,6.77092781e-02,3.11605730e-01,1.05724880e-04,1.70347013e+00,False,False,False,False
3.40000000e+02,6.66941093e-02,1.00000000e-03,-8.71058886e-01,8.71061182e-01,1.14802650e-09,6.66940327e-02,3.06266058e-01,1.07314211e-04,1.69633307e+00,False,False,False,False
3.45000000e+02,6.58119925e-02,1.00000000e-03,-8.72706233e-01,8.72708525e-01,1.14585945e-09,6.58119170e-02,3.01644819e-01,1.08902356e-04,1.69011852e+00,False,False,False,False
3.50000000e+02,6.50318540e-02,1.00000000e-03,-8.74164434e-01,8.74166722e-01,1.14394804e-09,6.50317796e-02,2.97571897e-01,1.10489611e-04,1.68461165e+00,False,False,False,False
3.55000000e+02,6.43225426e-02,1.00000000e-03,-8.75491304e-01,8.75493589e-01,1.14221431e-09,6.43224691e-02,2.93880167e-01,1.12076289e-04,1.67959570e+00,False,False,False,False
3.60000000e+02,6.36529067e-02,1.00000000e-03,-8.76744879e-01,8.76747160e-01,1.14058117e-09,6.36528341e-02,2.90404884e-01,1.13662727e-04,1.67485218e+00,False,False,False,False
3.65000000e+02,6.29879849e-02,1.00000000e-03,-8.77990516e-01,8.77992794e-01,1.13896299e-09,6.29879131e-02,2.86963595e-01,1.15249321e-04,1.67013402e+00,False,False,False,False
3.70000000e+02,6.23054115e-02,1.00000000e-03,-8.79270141e-01,8.79272416e-01,1.13730543e-09,6.23053406e-02,2.83440797e-01,1.16836341e-04,1.66528205e+00,False,False,False,False
3.75000000e+02,6.16229264e-02,1.00000000e-03,-8.80550532e-01,8.80552804e-01,1.13565170e-09,6.16228564e-02,2.79928394e-01,1.18423577e-04,1.66042181e+00,False,False,False,False
3.80000000e+02,6.09607273e-02,1.00000000e-03,-8.81793756e-01,8.81796024e-01,1.13405057e-09,6.09606582e-02,2.76529864e-01,1.20010779e-04,1.65569729e+00,False,False,False,False
3.85000000e+02,6.03390123e-02,1.99630566e-03,-8.82958787e-01,8.82967814e-01,9.01028366e-09,6.03387400e-02,2.73346530e-01,1.09355181e-04,1.65125210e+00,False,False,False,False
3.90000000e+02,5.97779792e-02,8.47201668e-03,-8.83945673e-01,8.84108055e-01,6.87851904e-07,5.97731261e-02,2.70458497e-01,8.48516638e-05,1.64720242e+00,False,False,False,False
3.95000000e+02,5.92978259e-02,1.84669618e-02,-8.84579552e-01,8.85350269e-01,7.11639917e-06,5.92749838e-02,2.67920559e-01,7.17880474e-05,1.64363022e+00,False,False,False,False
4.00000000e+02,5.89187503e-02,3.09847265e-02,-8.84673865e-01,8.86841621e-01,3.35836615e-05,5.88549587e-02,2.65784670e-01,6.31803472e-05,1.64061405e+00,False,False,False,False
4.05000000e+02,5.86609503e-02,5.45540094e-02,-8.83143067e-01,8.89857424e-01,1.83147571e-04,5.84646739e-02,2.63803334e-01,5.34367080e-05,1.63780797e+00,False,False,False,False
4.10000000e+02,5.85446239e-02,9.13717440e-02,-8.77989430e-01,8.96805788e-01,8.59641729e-04,5.79989593e-02,2.61443244e-01,4.43761376e-05,1.63445511e+00,False,False,False,False
4.15000000e+02,5.85400000e-02,1.46184883e-01,-8.64976912e-01,9.13052648e-01,3.51397292e-03,5.71658547e-02,2.57232646e-01,3.59581050e-05,1.62844494e+00,False,False,False,False
4.20000000e+02,5.85400000e-02,2.10840015e-01,-8.41893420e-01,9.41593637e-01,1.05103976e-02,5.57603409e-02,2.50161767e-01,2.93357812e-05,1.61826807e+00,False,False,False,False
4.25000000e+02,5.85400000e-02,2.65138591e-01,-8.16048459e-01,9.73205517e-01,2.08342004e-02,5.42751394e-02,2.42734399e-01,2.52262539e-05,1.60746081e+00,False,False,False,False
4.30000000e+02,5.85400000e-02,3.16920634e-01,-7.85908244e-01,1.00965663e+00,3.54552409e-02,5.26498414e-02,2.34658339e-01,2.20176329e-05,1.59556727e+00,False,False,False,False
4.35000000e+02,5.85400000e-02,3.68557613e-01,-7.50512217e-01,1.05195411e+00,5.55493519e-02,5.08724554e-02,2.25888196e-01,1.92789119e-05,1.58247532e+00,False,False,False,False
4.40000000e+02,5.85400000e-02,4.29290066e-01,-7.02056971e-01,1.10907341e+00,8.73640573e-02,4.86411302e-02,2.14968539e-01,1.64456333e-05,1.56590311e+00,False,False,False,False
4.45000000e+02,5.85400000e-02,4.93183614e-01,-6.43116854e-01,1.17750567e+00,1.31775903e-01,4.61965423e-02,2.03119527e-01,1.38280862e-05,1.54755589e+00,False,False,False,False
4.50000000e+02,5.85400000e-02,5.23123595e-01,-6.12688636e-01,1.21244404e+00,1.56873101e-01,4.50350059e-02,1.97531022e-01,1.27805886e-05,1.53876223e+00,False,False,False,False
4.55000000e+02,5.85400000e-02,5.40206640e-01,-5.94523718e-01,1.23318746e+00,1.72505197e-01,4.43709436e-02,1.94347950e-01,1.22599016e-05,1.53371140e+00,False,False,False,False
4.60000000e+02,5.85400000e-02,5.54284218e-01,-5.79115937e-01,1.25071949e+00,1.86129625e-01,4.38238674e-02,1.91732129e-01,1.18584768e-05,1.52953712e+00,False,False,False,False
4.65000000e+02,5.85400000e-02,5.70603990e-01,-5.60758018e-01,1.27153655e+00,2.02786535e-01,4.31905441e-02,1.88711232e-01,1.13762766e-05,1.52468941e+00,False,False,False,False
4.70000000e+02,5.85400000e-02,5.86878626e-01,-5.41920410e-01,1.29282010e+00,2.20343490e-01,4.25606213e-02,1.85714314e-01,1.09002244e-05,1.51985094e+00,False,False,False,False
4.75000000e+02,5.85400000e-02,6.01366681e-01,-5.24705046e-01,1.31220537e+00,2.36788227e-01,4.20017889e-02,1.83062076e-01,1.04919572e-05,1.51554411e+00,False,False,False,False
4.80000000e+02,5.85400000e-02,6.12747259e-01,-5.10887729e-01,1.32772101e+00,2.50256177e-01,4.15644052e-02,1.80990464e-01,1.01952646e-05,1.51216359e+00,False,False,False,False
4.85000000e+02,5.85400000e-02,6.21861376e-01,-4.99635361e-01,1.34032898e+00,2.61397446e-01,4.12152860e-02,1.79339563e-01,9.97755718e-06,1.50945904e+00,False,False,False,False
4.90000000e+02,5.85400000e-02,6.30592897e-01,-4.88699529e-01,1.35255937e+00,2.72371939e-01,4.08818890e-02,1.77765207e-01,9.77143112e-06,1.50687103e+00,False,False,False,False
4.95000000e+02,5.85400000e-02,6.39863680e-01,-4.76921403e-01,1.36570719e+00,2.84350873e-01,4.05291387e-02,1.76101796e-01,9.54447342e-06,1.50412712e+00,False,False,False,False
5.00000000e+02,5.85400000e-02,6.46957621e-01,-4.67792769e-01,1.37588035e+00,2.93747089e-01,4.02601355e-02,1.74834910e-01,9.39164520e-06,1.50203066e+00,False,False,False,False
5.05000000e+02,5.85400000e-02,6.50330835e-01,-4.63416737e-01,1.38075191e+00,2.98285676e-01,4.01325158e-02,1.74234365e-01,9.36684066e-06,1.50103485e+00,False,False,False,False
5.10000000e+02,5.85400000e-02,6.53019046e-01,-4.59913057e-01,1.38464996e+00,3.01935405e-01,4.00309511e-02,1.73756651e-01,9.36448226e-06,1.50024178e+00,False,False,False,False
5.15000000e+02,5.85400000e-02,6.55320626e-01,-4.56901809e-01,1.38799847e+00,3.05083423e-01,3.99440938e-02,1.73348272e-01,9.37438807e-06,1.49956316e+00,False,False,False,False
5.20000000e+02,5.85400000e-02,6.57292015e-01,-4.54314138e-01,1.39087473e+00,3.07796899e-01,3.98697716e-02,1.72998944e-01,9.39480082e-06,1.49898218e+00,False,False,False,False
5.25000000e+02,5.85400000e-02,6.58989655e-01,-4.52079566e-01,1.39335760e+00,3.10146243e-01,3.98058255e-02,1.72698471e-01,9.42392687e-06,1.49848209e+00,False,False,False,False
5.30000000e+02,5.85400000e-02,6.60469986e-01,-4.50126329e-01,1.39552718e+00,3.12204445e-01,3.97501073e-02,1.72436723e-01,9.45992798e-06,1.49804618e+00,False,False,False,False
5.35000000e+02,5.85400000e-02,6.61789449e-01,-4.48381657e-01,1.39746456e+00,3.14046527e-01,3.97004776e-02,1.72203628e-01,9.50091469e-06,1.49765778e+00,False,False,False,False
5.40000000e+02,5.85400000e-02,6.63004484e-01,-4.46771986e-01,1.39925158e+00,3.15749122e-01,3.96548041e-02,1.71989155e-01,9.54494116e-06,1.49730023e+00,False,False,False,False
5.45000000e+02,5.85400000e-02,6.64171533e-01,-4.45223107e-01,1.40097070e+00,3.17390174e-01,3.96109600e-02,1.71783311e-01,9.59000176e-06,1.49695691e+00,False,False,False,False
5.50000000e+02,5.85400000e-02,6.65347036e-01,-4.43660254e-01,1.40270493e+00,3.19048768e-01,3.95668240e-02,1.71576133e-01,9.63402929e-06,1.49661120e+00,False,False,False,False
5.55000000e+02,5.85400000e-02,6.66587433e-01,-4.42008125e-01,1.40453779e+00,3.20805090e-01,3.95202794e-02,1.71357689e-01,9.67489488e-06,1.49624652e+00,False,False,False,False
5.60000000e+02,5.85400000e-02,6.67865581e-01,-4.40302497e-01,1.40642953e+00,3.22621497e-01,3.94723485e-02,1.71132783e-01,9.71357682e-06,1.49587087e+00,False,False,False,False
5.65000000e+02,5.85400000e-02,6.69033533e-01,-4.38741063e-01,1.40816093e+00,3.24287198e-01,3.94285771e-02,1.70927433e-01,9.75569270e-06,1.49552771e+00,False,False,False,False
5.70000000e+02,5.85400000e-02,6.70116532e-01,-4.37290766e-01,1.40976873e+00,3.25836781e-01,3.93880127e-02,1.70737162e-01,9.80036360e-06,1.49520962e+00,False,False,False,False
5.75000000e+02,5.85400000e-02,6.71147202e-01,-4.35908365e-01,1.41130095e+00,3.27316002e-01,3.93494292e-02,1.70556211e-01,9.84639799e-06,1.49490698e+00,False,False,False,False
5.80000000e+02,5.85400000e-02,6.72158170e-01,-4.34550326e-01,1.41280586e+00,3.28771226e-01,3.93116032e-02,1.70378840e-01,9.89256859e-06,1.49461020e+00,False,False,False,False
5.85000000e+02,5.85400000e-02,6.73182062e-01,-4.33172843e-01,1.41433202e+00,3.30249379e-01,3.92733138e-02,1.70199324e-01,9.93761198e-06,1.49430972e+00,False,False,False,False
5.90000000e+02,5.85400000e-02,6.74251502e-01,-4.31731844e-01,1.41592822e+00,3.31797944e-01,3.92333429e-02,1.70011955e-01,9.98022881e-06,1.49399597e+00,False,False,False,False
5.95000000e+02,5.85400000e-02,6.75399116e-01,-4.30182965e-01,1.41764356e+00,3.33465005e-01,3.91904751e-02,1.69811039e-01,1.00190846e-05,1.49365938e+00,False,False,False,False
6.00000000e+02,5.85400000e-02,6.76675944e-01,-4.28456598e-01,1.41955500e+00,3.35326222e-01,3.91428112e-02,1.69587687e-01,1.00520737e-05,1.49328503e+00,False,False,False,False
6.05000000e+02,5.85400000e-02,6.78083129e-01,-4.26550201e-01,1.42166522e+00,3.37385353e-01,3.90903185e-02,1.69341757e-01,1.00790520e-05,1.49287262e+00,False,False,False,False
6.10000000e+02,5.85400000e-02,6.79552361e-01,-4.24555521e-01,1.42387255e+00,3.39544122e-01,3.90355534e-02,1.69085237e-01,1.01026949e-05,1.49244220e+00,False,False,False,False
6.15000000e+02,5.85400000e-02,6.81014771e-01,-4.22565813e-01,1.42607375e+00,3.41701864e-01,3.89810856e-02,1.68830167e-01,1.01257694e-05,1.49201397e+00,False,False,False,False
6.20000000e+02,5.85400000e-02,6.82401495e-01,-4.20675131e-01,1.42816483e+00,3.43756237e-01,3.89294767e-02,1.68588537e-01,1.01511099e-05,1.49160808e+00,False,False,False,False
6.25000000e+02,5.85400000e-02,6.83643666e-01,-4.18978270e-01,1.43004106e+00,3.45603337e-01,3.88832808e-02,1.68372294e-01,1.01816192e-05,1.49124464e+00,False,False,False,False
6.30000000e+02,5.85400000e-02,6.84683091e-01,-4.17555997e-01,1.43161334e+00,3.47153957e-01,3.88446492e-02,1.68191490e-01,1.02198289e-05,1.49094063e+00,False,False,False,False
6.35000000e+02,5.85869707e-02,6.85681720e-01,-4.16099071e-01,1.43310018e+00,3.48669534e-01,3.88378848e-02,1.68159834e-01,1.02585249e-05,1.49088739e+00,False,False,False,False
6.40000000e+02,5.87350713e-02,6.86695865e-01,-4.14428456e-01,1.43455770e+00,3.50259266e-01,3.88957337e-02,1.68430582e-01,1.02946607e-05,1.49134263e+00,False,False,False,False
6.45000000e+02,5.89626617e-02,6.87698565e-01,-4.12621955e-01,1.43595757e+00,3.51873217e-01,3.90050389e-02,1.68942332e-01,1.03296220e-05,1.49220232e+00,False,False,False,False
6.50000000e+02,5.92475314e-02,6.88662864e-01,-4.10758668e-01,1.43727132e+00,3.53460571e-01,3.91523435e-02,1.69632351e-01,1.03648380e-05,1.49335991e+00,False,False,False,False
6.55000000e+02,5.95674701e-02,6.89561800e-01,-4.08917867e-01,1.43846993e+00,3.54969885e-01,3.93242756e-02,1.70438259e-01,1.04017740e-05,1.49470964e+00,False,False,False,False
6.60000000e+02,5.99002675e-02,6.90368416e-01,-4.07178957e-01,1.43952385e+00,3.56349153e-01,3.95075558e-02,1.71297982e-01,1.04419322e-05,1.49614681e+00,False,False,False,False
6.65000000e+02,6.02237131e-02,6.91055753e-01,-4.05621416e-01,1.44040305e+00,3.57545900e-01,3.96889927e-02,1.72149694e-01,1.04868521e-05,1.49756788e+00,False,False,False,False
6.70000000e+02,6.05155967e-02,6.91596851e-01,-4.04324740e-01,1.44107714e+00,3.58507346e-01,3.98554698e-02,1.72931735e-01,1.05381135e-05,1.49887035e+00,False,False,False,False
6.75000000e+02,6.07537078e-02,6.91964751e-01,-4.03368381e-01,1.44151549e+00,3.59180604e-01,3.99939210e-02,1.73582528e-01,1.05973382e-05,1.49995251e+00,False,False,False,False
6.80000000e+02,6.09158361e-02,6.92132495e-01,-4.02831676e-01,1.44168753e+00,3.59512946e-01,4.00912969e-02,1.74040466e-01,1.06661942e-05,1.50071305e+00,False,False,False,False
6.85000000e+02,6.09797713e-02,6.92074271e-01,-4.02792193e-01,1.44156468e+00,3.59453857e-01,4.01344763e-02,1.74243588e-01,1.07463485e-05,1.50105016e+00,False,False,False,False
6.90000000e+02,6.09800000e-02,6.91818867e-01,-4.03145215e-01,1.44117294e+00,3.59063583e-01,4.01444658e-02,1.74290585e-01,1.08362820e-05,1.50112813e+00,False,False,False,False
6.95000000e+02,6.09800000e-02,6.91442511e-01,-4.03665815e-01,1.44059608e+00,3.58488834e-01,4.01589728e-02,1.74358839e-01,1.09318769e-05,1.50124136e+00,False,False,False,False
7.00000000e+02,6.09800000e-02,6.91022419e-01,-4.04246577e-01,1.43995251e+00,3.57848010e-01,4.01751694e-02,1.74435047e-01,1.10297267e-05,1.50136776e+00,False,False,False,False
7.05000000e+02,6.09800000e-02,6.90635811e-01,-4.04780737e-01,1.43936053e+00,3.57258928e-01,4.01900784e-02,1.74505201e-01,1.11263197e-05,1.50148411e+00,False,False,False,False
7.10000000e+02,6.09800000e-02,6.90359905e-01,-4.05161762e-01,1.43893824e+00,3.56838915e-01,4.02007205e-02,1.74555279e-01,1.12180359e-05,1.50156715e+00,False,False,False,False
7.15000000e+02,6.09800000e-02,6.90273527e-01,-4.05281019e-01,1.43880606e+00,3.56707487e-01,4.02040525e-02,1.74570959e-01,1.13010747e-05,1.50159315e+00,False,False,False,False
7.20000000e+02,6.09800000e-02,6.90540644e-01,-4.04912179e-01,1.43921486e+00,3.57114018e-01,4.01937489e-02,1.74522473e-01,1.13675287e-05,1.50151275e+00,False,False,False,False
7.25000000e+02,6.09800000e-02,6.91135732e-01,-4.04089960e-01,1.44012607e+00,3.58020788e-01,4.01708002e-02,1.74414488e-01,1.14182795e-05,1.50133367e+00,False,False,False,False
7.30000000e+02,6.09800000e-02,6.91922157e-01,-4.03002289e-01,1.44133130e+00,3.59221426e-01,4.01404849e-02,1.74271856e-01,1.14595530e-05,1.50109706e+00,False,False,False,False
7.35000000e+02,6.09800000e-02,6.92763284e-01,-4.01837593e-01,1.44262168e+00,3.60508502e-01,4.01080762e-02,1.74119394e-01,1.14977365e-05,1.50084406e+00,False,False,False,False
7.40000000e+02,6.09800000e-02,6.93522480e-01,-4.00785130e-01,1.44378753e+00,3.61672807e-01,4.00788379e-02,1.73981864e-01,1.15393672e-05,1.50061577e+00,False,False,False,False
7.45000000e+02,6.10340817e-02,6.94063111e-01,-3.99933393e-01,1.44459030e+00,3.62528911e-01,4.00925842e-02,1.74046521e-01,1.15903289e-05,1.50072311e+00,False,False,False,False
7.50000000e+02,6.11878524e-02,6.94249880e-01,-3.99385352e-01,1.44479765e+00,3.62888680e-01,4.01836248e-02,1.74474833e-01,1.16567099e-05,1.50143375e+00,False,False,False,False
7.55000000e+02,6.14192349e-02,6.94227737e-01,-3.98981701e-01,1.44464356e+00,3.62963732e-01,4.03322744e-02,1.75174516e-01,1.17320274e-05,1.50259321e+00,False,False,False,False
7.60000000e+02,6.17061097e-02,6.94170643e-01,-3.98522543e-01,1.44440706e+00,3.63011163e-01,4.05176949e-02,1.76047872e-01,1.18082003e-05,1.50403800e+00,False,False,False,False
7.65000000e+02,6.20263575e-02,6.94083329e-01,-3.98042886e-01,1.44410692e+00,3.63027805e-01,4.07255768e-02,1.77027813e-01,1.18853481e-05,1.50565586e+00,False,False,False,False
7.70000000e+02,6.23578590e-02,6.93970526e-01,-3.97577694e-01,1.44376189e+00,3.63010497e-01,4.09416208e-02,1.78047112e-01,1.19635930e-05,1.50733508e+00,False,False,False,False
7.75000000e+02,6.26784949e-02,6.93836965e-01,-3.97161870e-01,1.44339062e+00,3.62956090e-01,4.11515352e-02,1.79038355e-01,1.20430598e-05,1.50896457e+00,False,False,False,False
7.80000000e+02,6.29661458e-02,6.93687377e-01,-3.96830268e-01,1.44301177e+00,3.62861451e-01,4.13410335e-02,1.79933921e-01,1.21238758e-05,1.51043382e+00,False,False,False,False
7.85000000e+02,6.31986924e-02,6.93526493e-01,-3.96617694e-01,1.44264395e+00,3.62723462e-01,4.14958290e-02,1.80665997e-01,1.22061709e-05,1.51163278e+00,False,False,False,False
7.90000000e+02,6.33540153e-02,6.93359044e-01,-3.96558937e-01,1.44230581e+00,3.62539026e-01,4.16016288e-02,1.81166624e-01,1.22900780e-05,1.51245163e+00,False,False,False,False
7.95000000e+02,6.34100000e-02,6.93189762e-01,-3.96688782e-01,1.44201601e+00,3.62305066e-01,4.16441290e-02,1.81367789e-01,1.23757322e-05,1.51278042e+00,False,False,False,False
8.00000000e+02,6.34100000e-02,6.93023377e-01,-3.96919426e-01,1.44175956e+00,3.62049320e-01,4.16507909e-02,1.81399325e-01,1.24622286e-05,1.51283195e+00,False,False,False,False
8.05000000e+02,6.34100000e-02,6.92864622e-01,-3.97139444e-01,1.44151492e+00,3.61805410e-01,4.16571480e-02,1.81429419e-01,1.25484357e-05,1.51288112e+00,False,False,False,False
8.10000000e+02,6.34100000e-02,6.92718226e-01,-3.97342288e-01,1.44128937e+00,3.61580586e-01,4.16630107e-02,1.81457172e-01,1.26340962e-05,1.51292646e+00,False,False,False,False
8.15000000e+02,6.34100000e-02,6.92576723e-01,-3.97538311e-01,1.44107140e+00,3.61363364e-01,4.16686779e-02,1.81484001e-01,1.27195939e-05,1.51297029e+00,False,False,False,False
8.20000000e+02,6.34100000e-02,6.92413409e-01,-3.97764500e-01,1.44081987e+00,3.61112764e-01,4.16752193e-02,1.81514970e-01,1.28063504e-05,1.51302088e+00,False,False,False,False
8.25000000e+02,6.34100000e-02,6.92234473e-01,-3.98012262e-01,1.44054435e+00,3.60838326e-01,4.16823870e-02,1.81548904e-01,1.28940550e-05,1.51307632e+00,False,False,False,False
8.30000000e+02,6.34100000e-02,6.92048012e-01,-3.98270377e-01,1.44025730e+00,3.60552490e-01,4.16898570e-02,1.81584271e-01,1.29822858e-05,1.51313408e+00,False,False,False,False
8.35000000e+02,6.34100000e-02,6.91862118e-01,-3.98527638e-01,1.43997119e+00,3.60267672e-01,4.16973051e-02,1.81619535e-01,1.30706100e-05,1.51319168e+00,False,False,False,False
8.40000000e+02,6.34100000e-02,6.91684885e-01,-3.98772848e-01,1.43969848e+00,3.59996262e-01,4.17044070e-02,1.81653161e-01,1.31585837e-05,1.51324660e+00,False,False,False,False
8.45000000e+02,6.34100000e-02,6.91524407e-01,-3.98994822e-01,1.43945159e+00,3.59750626e-01,4.17108380e-02,1.81683611e-01,1.32457521e-05,1.51329632e+00,False,False,False,False
8.50000000e+02,6.34102591e-02,6.91388778e-01,-3.99181900e-01,1.43924284e+00,3.59543232e-01,4.17164394e-02,1.81710134e-01,1.33316448e-05,1.51333963e+00,False,False,False,False
8.55000000e+02,6.35501487e-02,6.91286092e-01,-3.99061863e-01,1.43901224e+00,3.59451615e-01,4.18099909e-02,1.82153192e-01,1.34134073e-05,1.51406277e+00,False,False,False,False
8.60000000e+02,6.39219837e-02,6.91224442e-01,-3.98450823e-01,1.43872443e+00,3.59531271e-01,4.20501520e-02,1.83291369e-01,1.34889264e-05,1.51591738e+00,False,False,False,False
8.65000000e+02,6.44894196e-02,6.91224322e-01,-3.97388982e-01,1.43843048e+00,3.59796603e-01,4.24127192e-02,1.85011775e-01,1.35575661e-05,1.51871241e+00,False,False,False,False
8.70000000e+02,6.52161123e-02,6.91536838e-01,-3.95597718e-01,1.43853757e+00,3.60615665e-01,4.28638852e-02,1.87156156e-01,1.36056010e-05,1.52218244e+00,False,False,False,False
8.75000000e+02,6.60657173e-02,6.92245476e-01,-3.93029446e-01,1.43919677e+00,3.62102298e-01,4.33762892e-02,1.89596408e-01,1.36285995e-05,1.52611291e+00,False,False,False,False
8.80000000e+02,6.70018903e-02,6.93333634e-01,-3.89773945e-01,1.44040614e+00,3.64219318e-01,4.39265608e-02,1.92222706e-01,1.36278211e-05,1.53032161e+00,False,False,False,False
8.85000000e+02,6.79882870e-02,6.94784712e-01,-3.85920038e-01,1.44216416e+00,3.66931133e-01,4.44913981e-02,1.94924685e-01,1.36045932e-05,1.53462887e+00,False,False,False,False
8.90000000e+02,6.89885629e-02,6.96582108e-01,-3.81555662e-01,1.44446920e+00,3.70203275e-01,4.50476725e-02,1.97591822e-01,1.35603032e-05,1.53885840e+00,False,False,False,False
8.95000000e+02,6.99663738e-02,6.98709223e-01,-3.76767968e-01,1.44731904e+00,3.74001955e-01,4.55725191e-02,2.00113854e-01,1.34963907e-05,1.54283795e+00,False,False,False,False
9.00000000e+02,7.08897495e-02,7.01149454e-01,-3.71635300e-01,1.45070846e+00,3.78295777e-01,4.60461612e-02,2.02394497e-01,1.34142627e-05,1.54642026e+00,False,False,False,False
9.05000000e+02,7.19024262e-02,7.06341274e-01,-3.62447111e-01,1.45843748e+00,3.87071618e-01,4.64487402e-02,2.04336449e-01,1.31705579e-05,1.54945853e+00,False,False,False,False
9.10000000e+02,7.30525404e-02,7.16485933e-01,-3.45879501e-01,1.47412381e+00,4.04185586e-01,4.67051376e-02,2.05574926e-01,1.26396598e-05,1.55139047e+00,False,False,False,False
9.15000000e+02,7.42900502e-02,7.21609903e-01,-3.36218059e-01,1.48186571e+00,4.13355347e-01,4.72335483e-02,2.08131421e-01,1.23943767e-05,1.55536455e+00,False,False,False,False
9.20000000e+02,7.55649138e-02,7.21585025e-01,-3.33895281e-01,1.48129195e+00,4.13972128e-01,4.80174072e-02,2.11934023e-01,1.24410729e-05,1.56124168e+00,False,False,False,False
9.25000000e+02,7.68270894e-02,7.21522155e-01,-3.31654003e-01,1.48066582e+00,4.14518739e-01,4.87944117e-02,2.15715470e-01,1.24899726e-05,1.56704667e+00,False,False,False,False
9.30000000e+02,7.80265352e-02,7.21429922e-01,-3.29573937e-01,1.48002146e+00,4.14983632e-01,4.95336200e-02,2.19324193e-01,1.25415025e-05,1.57255075e+00,False,False,False,False
9.35000000e+02,7.91132093e-02,7.21316955e-01,-3.27734332e-01,1.47939257e+00,4.15355308e-01,5.02041803e-02,2.22607280e-01,1.25960956e-05,1.57752849e+00,False,False,False,False
9.40000000e+02,8.00370701e-02,7.21191882e-01,-3.26214062e-01,1.47881254e+00,4.15622333e-01,5.07753021e-02,2.25410658e-01,1.26541916e-05,1.58175701e+00,False,False,False,False
9.45000000e+02,8.07624790e-02,7.21063330e-01,-3.25065294e-01,1.47830875e+00,4.15780783e-01,5.12250197e-02,2.27622756e-01,1.27159783e-05,1.58507965e+00,False,False,False,False
9.50000000e+02,8.13902943e-02,7.20939930e-01,-3.24089409e-01,1.47785367e+00,4.15897363e-01,5.16146976e-02,2.29542839e-01,1.27791749e-05,1.58795382e+00,False,False,False,False
9.55000000e+02,8.19588365e-02,7.20830308e-01,-3.23203245e-01,1.47744566e+00,4.16006457e-01,5.19673670e-02,2.31283223e-01,1.28425933e-05,1.59055117e+00,False,False,False,False
9.60000000e+02,8.24785364e-02,7.20743094e-01,-3.22375029e-01,1.47709448e+00,4.16128033e-01,5.22889834e-02,2.32872567e-01,1.29055309e-05,1.59291667e+00,False,False,False,False
9.65000000e+02,8.29598252e-02,7.20686915e-01,-3.21573053e-01,1.47680999e+00,4.16282072e-01,5.25854805e-02,2.34339644e-01,1.29672711e-05,1.59509479e+00,False,False,False,False
9.70000000e+02,8.34131340e-02,7.20670232e-01,-3.20765899e-01,1.47660187e+00,4.16488290e-01,5.28627816e-02,2.35713359e-01,1.30270931e-05,1.59712965e+00,False,False,False,False
9.75000000e+02,8.38488938e-02,7.20687049e-01,-3.19943027e-01,1.47645617e+00,4.16742023e-01,5.31275429e-02,2.37026419e-01,1.30851383e-05,1.59907048e+00,False,False,False,False
9.80000000e+02,8.42775358e-02,7.20728611e-01,-3.19097901e-01,1.47635443e+00,4.17033943e-01,5.33865621e-02,2.38312386e-01,1.31417197e-05,1.60096735e+00,False,False,False,False
9.85000000e+02,8.47094909e-02,7.20792303e-01,-3.18215173e-01,1.47628827e+00,4.17365089e-01,5.36463141e-02,2.39603371e-01,1.31967816e-05,1.60286774e+00,False,False,False,False
9.90000000e+02,8.51551902e-02,7.20875510e-01,-3.17279525e-01,1.47624940e+00,4.17736501e-01,5.39132651e-02,2.40931575e-01,1.32502682e-05,1.60481890e+00,False,False,False,False
9.95000000e+02,8.56304384e-02,7.20975617e-01,-3.16265855e-01,1.47622744e+00,4.18152009e-01,5.41971389e-02,2.42345581e-01,1.33020215e-05,1.60689165e+00,False,False,False,False
1.00000000e+03,8.61614452e-02,7.21090008e-01,-3.15130104e-01,1.47620804e+00,4.18620850e-01,5.45139645e-02,2.43925678e-01,1.33516839e-05,1.60920249e+00,False,False,False,False
1.00500000e+03,8.67324441e-02,7.21216069e-01,-3.13905010e-01,1.47619336e+00,4.19130517e-01,5.48542287e-02,2.45624969e-01,1.33996928e-05,1.61168136e+00,False,False,False,False
1.01000000e+03,8.73224816e-02,7.21351185e-01,-3.12632721e-01,1.47618744e+00,4.19665786e-01,5.52052924e-02,2.47380693e-01,1.34465933e-05,1.61423578e+00,False,False,False,False
1.01500000e+03,8.79106040e-02,7.21492739e-01,-3.11355293e-01,1.47619416e+00,4.20211394e-01,5.55545527e-02,2.49129922e-01,1.34929404e-05,1.61677397e+00,False,False,False,False
1.02000000e+03,8.84758576e-02,7.21638118e-01,-3.10114689e-01,1.47621726e+00,4.20752034e-01,5.58894448e-02,2.50809557e-01,1.35392994e-05,1.61920488e+00,False,False,False,False
1.02500000e+03,8.89972890e-02,7.21784705e-01,-3.08952779e-01,1.47626030e+00,4.21272356e-01,5.61974412e-02,2.52356347e-01,1.35862452e-05,1.62143810e+00,False,False,False,False
1.03000000e+03,8.94539445e-02,7.21929886e-01,-3.07911359e-01,1.47632667e+00,4.21756967e-01,5.64660473e-02,2.53706920e-01,1.36343627e-05,1.62338383e+00,False,False,False,False
1.03500000e+03,8.98248704e-02,7.22083241e-01,-3.07014560e-01,1.47643990e+00,4.22211219e-01,5.66821180e-02,2.54794428e-01,1.36834659e-05,1.62494773e+00,False,False,False,False
1.04000000e+03,9.00891133e-02,7.22261862e-01,-3.06275625e-01,1.47663589e+00,4.22653291e-01,5.68320984e-02,2.55549867e-01,1.37328821e-05,1.62603262e+00,False,False,False,False
1.04500000e+03,9.02257194e-02,7.22462109e-01,-3.05737742e-01,1.47691623e+00,4.23066042e-01,5.69035894e-02,2.55910125e-01,1.37832658e-05,1.62654956e+00,False,False,False,False
1.05000000e+03,9.02400000e-02,7.22680016e-01,-3.05396852e-01,1.47727210e+00,4.23445411e-01,5.69000941e-02,2.55892509e-01,1.38347842e-05,1.62652429e+00,False,False,False,False
1.05500000e+03,9.02400000e-02,7.22911613e-01,-3.05062057e-01,1.47765614e+00,4.23840939e-01,5.68872019e-02,2.55827536e-01,1.38855616e-05,1.62643108e+00,False,False,False,False
1.06000000e+03,9.02400000e-02,7.23152933e-01,-3.04713092e-01,1.47805640e+00,4.24253328e-01,5.68737708e-02,2.55759850e-01,1.39355639e-05,1.62633396e+00,False,False,False,False
1.06500000e+03,9.02400000e-02,7.23400009e-01,-3.04355685e-01,1.47846632e+00,4.24675823e-01,5.68600218e-02,2.55690566e-01,1.39850440e-05,1.62623454e+00,False,False,False,False
1.07000000e+03,9.02400000e-02,7.23648870e-01,-3.03995570e-01,1.47887932e+00,4.25101651e-01,5.68461758e-02,2.55620797e-01,1.40342591e-05,1.62613442e+00,False,False,False,False
1.07500000e+03,9.02400000e-02,7.23895551e-01,-3.03638489e-01,1.47928882e+00,4.25524021e-01,5.68324536e-02,2.55551656e-01,1.40834709e-05,1.62603519e+00,False,False,False,False
1.08000000e+03,9.02400000e-02,7.24136082e-01,-3.03290192e-01,1.47968821e+00,4.25936126e-01,5.68190759e-02,2.55484254e-01,1.41329459e-05,1.62593844e+00,False,False,False,False
1.08500000e+03,9.02400000e-02,7.24366496e-01,-3.02956437e-01,1.48007091e+00,4.26331142e-01,5.68062630e-02,2.55419702e-01,1.41829550e-05,1.62584578e+00,False,False,False,False
1.09000000e+03,9.02400000e-02,7.24584130e-01,-3.02641096e-01,1.48043246e+00,4.26704467e-01,5.67941627e-02,2.55358743e-01,1.42336857e-05,1.62575826e+00,False,False,False,False
1.09500000e+03,9.02400000e-02,7.24791542e-01,-3.02340478e-01,1.48077712e+00,4.27060456e-01,5.67826325e-02,2.55300659e-01,1.42849766e-05,1.62567486e+00,False,False,False,False
1.10000000e+03,9.02400000e-02,7.24992439e-01,-3.02049221e-01,1.48111103e+00,4.27405447e-01,5.67714662e-02,2.55244411e-01,1.43365854e-05,1.62559410e+00,False,False,False,False
1.10500000e+03,9.02400000e-02,7.25190521e-01,-3.01761966e-01,1.48144033e+00,4.27745784e-01,5.67604579e-02,2.55188961e-01,1.43882658e-05,1.62551447e+00,False,False,False,False
1.11000000e+03,9.02400000e-02,7.25389491e-01,-3.01473344e-01,1.48177118e+00,4.28087823e-01,5.67494019e-02,2.55133273e-01,1.44397672e-05,1.62543450e+00,False,False,False,False
1.11500000e+03,9.02400000e-02,7.25593050e-01,-3.01177983e-01,1.48210974e+00,4.28437937e-01,5.67380925e-02,2.55076312e-01,1.44908348e-05,1.62535269e+00,False,False,False,False
1.12000000e+03,9.02400000e-02,7.25804900e-01,-3.00870505e-01,1.48246217e+00,4.28802509e-01,5.67263242e-02,2.55017042e-01,1.45412094e-05,1.62526755e+00,False,False,False,False
1.12500000e+03,9.02400000e-02,7.26028743e-01,-3.00545522e-01,1.48283463e+00,4.29187939e-01,5.67138917e-02,2.54954430e-01,1.45906278e-05,1.62517761e+00,False,False,False,False
1.13000000e+03,9.02436181e-02,7.26268280e-01,-3.00191060e-01,1.48323199e+00,4.29602550e-01,5.67027695e-02,2.54898420e-01,1.46387454e-05,1.62509714e+00,False,False,False,False
1.13500000e+03,9.05051044e-02,7.26527214e-01,-2.99339173e-01,1.48356702e+00,4.30186880e-01,5.68458720e-02,2.55619267e-01,1.46798641e-05,1.62613222e+00,False,False,False,False
1.14000000e+03,9.10541562e-02,7.26809245e-01,-2.97930868e-01,1.48383608e+00,4.30963436e-01,5.71606185e-02,2.57206229e-01,1.47130084e-05,1.62840712e+00,False,False,False,False
1.14500000e+03,9.17130906e-02,7.27160402e-01,-2.96222860e-01,1.48418226e+00,4.31918518e-01,5.75371760e-02,2.59107556e-01,1.47386751e-05,1.63112570e+00,False,False,False,False
1.15000000e+03,9.23042251e-02,7.27619052e-01,-2.94482135e-01,1.48473488e+00,4.33025287e-01,5.78664028e-02,2.60772322e-01,1.47579108e-05,1.63349990e+00,False,False,False,False
1.15500000e+03,9.26498769e-02,7.28155849e-01,-2.93073305e-01,1.48550857e+00,4.34139358e-01,5.80433864e-02,2.61668192e-01,1.47765720e-05,1.63477517e+00,False,False,False,False
1.16000000e+03,9.26800000e-02,7.28741180e-01,-2.92165875e-01,1.48647762e+00,4.35172077e-01,5.80281496e-02,2.61591039e-01,1.47982810e-05,1.63466541e+00,False,False,False,False
1.16500000e+03,9.26800000e-02,7.29345431e-01,-2.91284824e-01,1.48748979e+00,4.36223314e-01,5.79937776e-02,2.61417012e-01,1.48189680e-05,1.63441778e+00,False,False,False,False
1.17000000e+03,9.26800000e-02,7.29938989e-01,-2.90418655e-01,1.48848470e+00,4.37257559e-01,5.79600288e-02,2.61246164e-01,1.48400863e-05,1.63417462e+00,False,False,False,False
1.17500000e+03,9.26800000e-02,7.30492238e-01,-2.89610672e-01,1.48941263e+00,4.38223009e-01,5.79285851e-02,2.61087007e-01,1.48637704e-05,1.63394804e+00,False,False,False,False
1.18000000e+03,9.26800000e-02,7.30975566e-01,-2.88904304e-01,1.49022375e+00,4.39067580e-01,5.79011259e-02,2.60948035e-01,1.48921845e-05,1.63375015e+00,False,False,False,False
1.18500000e+03,9.26800000e-02,7.31359359e-01,-2.88343070e-01,1.49086813e+00,4.39738978e-01,5.78793285e-02,2.60837728e-01,1.49275246e-05,1.63359306e+00,False,False,False,False
1.19000000e+03,9.26800000e-02,7.31614003e-01,-2.87970533e-01,1.49129582e+00,4.40184815e-01,5.78648696e-02,2.60764564e-01,1.49720201e-05,1.63348885e+00,False,False,False,False
1.19500000e+03,9.26800000e-02,7.31709884e-01,-2.87830229e-01,1.49145689e+00,4.40352762e-01,5.78594261e-02,2.60737020e-01,1.50279383e-05,1.63344961e+00,False,False,False,False
1.20000000e+03,9.26800000e-02,7.31701758e-01,-2.87842120e-01,1.49144324e+00,4.40338527e-01,5.78598874e-02,2.60739354e-01,1.50914115e-05,1.63345294e+00,False,False,False,False
1.20500000e+03,9.26800000e-02,7.31678423e-01,-2.87876268e-01,1.49140404e+00,4.40297650e-01,5.78612122e-02,2.60746058e-01,1.51560076e-05,1.63346248e+00,False,False,False,False
1.21000000e+03,9.26800000e-02,7.31644026e-01,-2.87926601e-01,1.49134626e+00,4.40237400e-01,5.78631650e-02,2.60755939e-01,1.52214345e-05,1.63347656e+00,False,False,False,False
1.21500000e+03,9.27066355e-02,7.31602611e-01,-2.87938869e-01,1.49126735e+00,4.40179130e-01,5.78814417e-02,2.60848422e-01,1.52867990e-05,1.63360829e+00,False,False,False,False
1.22000000e+03,9.28334964e-02,7.31558220e-01,-2.87773635e-01,1.49114834e+00,4.40169330e-01,5.79598111e-02,2.61245062e-01,1.53501241e-05,1.63417305e+00,False,False,False,False
1.22500000e+03,9.30449127e-02,7.31514897e-01,-2.87453486e-01,1.49100157e+00,4.40206676e-01,5.80886631e-02,2.61897483e-01,1.54114409e-05,1.63510131e+00,False,False,False,False
1.23000000e+03,9.33186738e-02,7.31476683e-01,-2.87012889e-01,1.49084169e+00,4.40286350e-01,5.82544696e-02,2.62737527e-01,1.54709316e-05,1.63629523e+00,False,False,False,False
1.23500000e+03,9.36325694e-02,7.31447623e-01,-2.86486294e-01,1.49068337e+00,4.40403542e-01,5.84437020e-02,2.63696960e-01,1.55287820e-05,1.63765709e+00,False,False,False,False
1.24000000e+03,9.39643892e-02,7.31431758e-01,-2.85908111e-01,1.49054122e+00,4.40553455e-01,5.86428375e-02,2.64707413e-01,1.55851808e-05,1.63908935e+00,False,False,False,False
1.24500000e+03,9.42919228e-02,7.31452703e-01,-2.85284065e-01,1.49046275e+00,4.40765605e-01,5.88372331e-02,2.65694618e-01,1.56388339e-05,1.64048668e+00,False,False,False,False
1.25000000e+03,9.45929599e-02,7.31592173e-01,-2.84534801e-01,1.49059333e+00,4.41171491e-01,5.90088789e-02,2.66566951e-01,1.56839992e-05,1.64171979e+00,False,False,False,False
1.25500000e+03,9.48452900e-02,7.31831673e-01,-2.83727451e-01,1.49090968e+00,4.41727094e-01,5.91455573e-02,2.67262016e-01,1.57225165e-05,1.64270123e+00,False,False,False,False
1.26000000e+03,9.50267028e-02,7.32139793e-01,-2.82947992e-01,1.49136658e+00,4.42365666e-01,5.92358511e-02,2.67721412e-01,1.57572476e-05,1.64334938e+00,False,False,False,False
1.26500000e+03,9.51149880e-02,7.32485119e-01,-2.82282435e-01,1.49191862e+00,4.43020253e-01,5.92683921e-02,2.67887016e-01,1.57910964e-05,1.64358292e+00,False,False,False,False
1.27000000e+03,9.51200000e-02,7.32836241e-01,-2.81758858e-01,1.49250926e+00,4.43640885e-01,5.92509465e-02,2.67798231e-01,1.58262514e-05,1.64345772e+00,False,False,False,False
1.27500000e+03,9.51200000e-02,7.33161747e-01,-2.81281668e-01,1.49305859e+00,4.44214244e-01,5.92320091e-02,2.67701861e-01,1.58633103e-05,1.64332180e+00,False,False,False,False
1.28000000e+03,9.51200000e-02,7.33447512e-01,-2.80862562e-01,1.49354102e+00,4.44718000e-01,5.92153875e-02,2.67617282e-01,1.59032752e-05,1.64320250e+00,False,False,False,False
1.28500000e+03,9.51200000e-02,7.33765013e-01,-2.80396720e-01,1.49407721e+00,4.45278139e-01,5.91969241e-02,2.67523338e-01,1.59405967e-05,1.64306997e+00,False,False,False,False
1.29000000e+03,9.51200000e-02,7.34114168e-01,-2.79884202e-01,1.49466706e+00,4.45894653e-01,5.91766251e-02,2.67420063e-01,1.59752556e-05,1.64292426e+00,False,False,False,False
1.29500000e+03,9.51200000e-02,7.34480680e-01,-2.79345944e-01,1.49528647e+00,4.46542413e-01,5.91553228e-02,2.67311692e-01,1.60083509e-05,1.64277134e+00,False,False,False,False
1.30000000e+03,9.51200000e-02,7.34850252e-01,-2.78802922e-01,1.49591131e+00,4.47196202e-01,5.91338485e-02,2.67202456e-01,1.60409968e-05,1.64261717e+00,False,False,False,False
1.30500000e+03,9.51200000e-02,7.35208585e-01,-2.78276151e-01,1.49651738e+00,4.47830706e-01,5.91130330e-02,2.67096581e-01,1.60743228e-05,1.64246772e+00,False,False,False,False
1.31000000e+03,9.51200000e-02,7.35541384e-01,-2.77786688e-01,1.49708048e+00,4.48420520e-01,5.90937058e-02,2.66998283e-01,1.61094734e-05,1.64232895e+00,False,False,False,False
1.31500000e+03,9.51200000e-02,7.35834349e-01,-2.77355625e-01,1.49757634e+00,4.48940159e-01,5.90766959e-02,2.66911778e-01,1.61476085e-05,1.64220681e+00,False,False,False,False
1.32000000e+03,9.51200000e-02,7.36073185e-01,-2.77004080e-01,1.49798071e+00,4.49364077e-01,5.90628316e-02,2.66841275e-01,1.61899040e-05,1.64210725e+00,False,False,False,False
1.32500000e+03,9.51200000e-02,7.36243594e-01,-2.76753184e-01,1.49826928e+00,4.49666702e-01,5.90529410e-02,2.66790981e-01,1.62375521e-05,1.64203623e+00,False,False,False,False
1.33000000e+03,9.51200000e-02,7.36331279e-01,-2.76624062e-01,1.49841779e+00,4.49822470e-01,5.90478522e-02,2.66765105e-01,1.62917629e-05,1.64199968e+00,False,False,False,False
1.33500000e+03,9.51200000e-02,7.36335069e-01,-2.76618481e-01,1.49842421e+00,4.49829204e-01,5.90476323e-02,2.66763987e-01,1.63527038e-05,1.64199810e+00,False,False,False,False
1.34000000e+03,9.51200000e-02,7.36304288e-01,-2.76663809e-01,1.49837208e+00,4.49774519e-01,5.90494186e-02,2.66773070e-01,1.64164478e-05,1.64201093e+00,False,False,False,False
1.34500000e+03,9.51200000e-02,7.36246404e-01,-2.76749046e-01,1.49827404e+00,4.49671693e-01,5.90527779e-02,2.66790152e-01,1.64824184e-05,1.64203506e+00,False,False,False,False
1.35000000e+03,9.51200000e-02,7.36162693e-01,-2.76872303e-01,1.49813228e+00,4.49523015e-01,5.90576363e-02,2.66814857e-01,1.65505364e-05,1.64206994e+00,False,False,False,False
1.35500000e+03,9.51200000e-02,7.36054432e-01,-2.77031688e-01,1.49794895e+00,4.49330782e-01,5.90639201e-02,2.66846810e-01,1.66207212e-05,1.64211507e+00,False,False,False,False
1.36000000e+03,9.51200000e-02,7.35922896e-01,-2.77225305e-01,1.49772625e+00,4.49097293e-01,5.90715555e-02,2.66885638e-01,1.66928909e-05,1.64216990e+00,False,False,False,False
1.36500000e+03,9.51200000e-02,7.35769363e-01,-2.77451259e-01,1.49746633e+00,4.48824857e-01,5.90804688e-02,2.66930965e-01,1.67669620e-05,1.64223390e+00,False,False,False,False
1.37000000e+03,9.51200000e-02,7.35595108e-01,-2.77707651e-01,1.49717140e+00,4.48515783e-01,5.90905862e-02,2.66982418e-01,1.68428498e-05,1.64230655e+00,False,False,False,False
1.37500000e+03,9.51200000e-02,7.35401409e-01,-2.77992583e-01,1.49684361e+00,4.48172383e-01,5.91018342e-02,2.67039623e-01,1.69204679e-05,1.64238731e+00,False,False,False,False
1.38000000e+03,9.51553469e-02,7.35189541e-01,-2.78240185e-01,1.49647327e+00,4.47816111e-01,5.91351493e-02,2.67209073e-01,1.69988241e-05,1.64262651e+00,False,False,False,False
1.38500000e+03,9.52921545e-02,7.34805419e-01,-2.78557283e-01,1.49577745e+00,4.47209986e-01,5.92388146e-02,2.67736492e-01,1.70891766e-05,1.64337065e+00,False,False,False,False
1.39000000e+03,9.55111793e-02,7.34094754e-01,-2.79204918e-01,1.49450186e+00,4.46071556e-01,5.94104874e-02,2.68610411e-01,1.72051937e-05,1.64460245e+00,False,False,False,False
1.39500000e+03,9.57902110e-02,7.33158130e-01,-2.80074498e-01,1.49282454e+00,4.44568776e-01,5.96312878e-02,2.69735332e-01,1.73392635e-05,1.64618584e+00,False,False,False,False
1.40000000e+03,9.61070394e-02,7.32097718e-01,-2.81055416e-01,1.49092603e+00,4.42871756e-01,5.98821891e-02,2.71014856e-01,1.74835087e-05,1.64798382e+00,False,False,False,False
1.40500000e+03,9.64394539e-02,7.31015687e-01,-2.82037725e-01,1.48898657e+00,4.41149271e-01,6.01440550e-02,2.72351712e-01,1.76299001e-05,1.64985896e+00,False,False,False,False
1.41000000e+03,9.67652443e-02,7.30014211e-01,-2.82912276e-01,1.48718605e+00,4.39568484e-01,6.03976134e-02,2.73647539e-01,1.77702484e-05,1.65167325e+00,False,False,False,False
1.41500000e+03,9.70622002e-02,7.29193140e-01,-2.83574036e-01,1.48570010e+00,4.38291038e-01,6.06235972e-02,2.74803589e-01,1.78964068e-05,1.65328912e+00,False,False,False,False
1.42000000e+03,9.73081112e-02,7.28403460e-01,-2.84281046e-01,1.48428505e+00,4.37043535e-01,6.08174934e-02,2.75796352e-01,1.80217046e-05,1.65467472e+00,False,False,False,False
1.42500000e+03,9.74807670e-02,7.27569251e-01,-2.85183951e-01,1.48282094e+00,4.35681924e-01,6.09705025e-02,2.76580333e-01,1.81533391e-05,1.65576760e+00,False,False,False,False
1.43000000e+03,9.75579572e-02,7.26780512e-01,-2.86191728e-01,1.48146730e+00,4.34351495e-01,6.10638770e-02,2.77059005e-01,1.82840922e-05,1.65643430e+00,False,False,False,False
1.43500000e+03,9.75600000e-02,7.26127243e-01,-2.87137181e-01,1.48036849e+00,4.33218879e-01,6.11042488e-02,2.77266023e-01,1.84054717e-05,1.65672250e+00,False,False,False,False
1.44000000e+03,9.75600000e-02,7.25699443e-01,-2.87758273e-01,1.47964981e+00,4.32477511e-01,6.11298968e-02,2.77397558e-01,1.85074189e-05,1.65690558e+00,False,False,False,False
1.44500000e+03,9.75600000e-02,7.25591352e-01,-2.87915143e-01,1.47946827e+00,4.32290323e-01,6.11363785e-02,2.77430801e-01,1.85812725e-05,1.65695185e+00,False,False,False,False
1.45000000e+03,9.75600000e-02,7.25975946e-01,-2.87356879e-01,1.48011428e+00,4.32956590e-01,6.11133186e-02,2.77312535e-01,1.86113280e-05,1.65678725e+00,False,False,False,False
1.45500000e+03,9.75600000e-02,7.26753407e-01,-2.86227439e-01,1.48142101e+00,4.34305499e-01,6.10667228e-02,2.77073596e-01,1.86061067e-05,1.65645462e+00,False,False,False,False
1.46000000e+03,9.75600000e-02,7.27714019e-01,-2.84830260e-01,1.48303710e+00,4.35975959e-01,6.10091872e-02,2.76778623e-01,1.85841078e-05,1.65604383e+00,False,False,False,False
1.46500000e+03,9.75600000e-02,7.28648067e-01,-2.83469948e-01,1.48461013e+00,4.37604235e-01,6.09532820e-02,2.76492075e-01,1.85640152e-05,1.65564462e+00,False,False,False,False
1.47000000e+03,9.75600000e-02,7.29350377e-01,-2.82445981e-01,1.48579394e+00,4.38831143e-01,6.09112724e-02,2.76276794e-01,1.85642688e-05,1.65534460e+00,False,False,False,False
1.47500000e+03,9.75600000e-02,7.29939430e-01,-2.81586383e-01,1.48678754e+00,4.39861921e-01,6.08760545e-02,2.76096346e-01,1.85743519e-05,1.65509305e+00,False,False,False,False
1.48000000e+03,9.75600000e-02,7.30545785e-01,-2.80700809e-01,1.48781098e+00,4.40924625e-01,6.08398182e-02,2.75910708e-01,1.85825567e-05,1.65483421e+00,False,False,False,False
1.48500000e+03,9.75600000e-02,7.31153482e-01,-2.79812539e-01,1.48883737e+00,4.41991357e-01,6.08035183e-02,2.75724772e-01,1.85903163e-05,1.65457488e+00,False,False,False,False
1.49000000e+03,9.76017990e-02,7.31746557e-01,-2.78869490e-01,1.48982559e+00,4.43056478e-01,6.07929825e-02,2.75670811e-01,1.85979215e-05,1.65449961e+00,False,False,False,False
1.49500000e+03,9.77451008e-02,7.32309048e-01,-2.77787361e-01,1.49072868e+00,4.44123950e-01,6.08446225e-02,2.75935319e-01,1.86051688e-05,1.65486853e+00,False,False,False,False
1.50000000e+03,9.79690612e-02,7.32824993e-01,-2.76627344e-01,1.49152693e+00,4.45154389e-01,6.09468873e-02,2.76459302e-01,1.86140932e-05,1.65559896e+00,False,False,False,False
1.50500000e+03,9.82514699e-02,7.33278429e-01,-2.75453157e-01,1.49220088e+00,4.46107429e-01,6.10874575e-02,2.77179917e-01,1.86267893e-05,1.65660264e+00,False,False,False,False
1.51000000e+03,9.85701166e-02,7.33653394e-01,-2.74328532e-01,1.49273084e+00,4.46942494e-01,6.12540678e-02,2.78034565e-01,1.86453736e-05,1.65779174e+00,False,False,False,False
1.51500000e+03,9.89027909e-02,7.33933926e-01,-2.73317173e-01,1.49309688e+00,4.47618856e-01,6.14345078e-02,2.78960818e-01,1.86719868e-05,1.65907891e+00,False,False,False,False
1.52000000e+03,9.92272823e-02,7.34104061e-01,-2.72482716e-01,1.49327892e+00,4.48095724e-01,6.16166166e-02,2.79896341e-01,1.87087949e-05,1.66037734e+00,False,False,False,False
1.52500000e+03,9.95213807e-02,7.34148975e-01,-2.71887026e-01,1.49325866e+00,4.48334367e-01,6.17882021e-02,2.80778448e-01,1.87578874e-05,1.66160014e+00,False,False,False,False
1.53000000e+03,9.97628757e-02,7.34107579e-01,-2.71512942e-01,1.49310918e+00,4.48391529e-01,6.19338168e-02,2.81527534e-01,1.88163979e-05,1.66263741e+00,False,False,False,False
1.53500000e+03,9.99295568e-02,7.34016945e-01,-2.71345927e-01,1.49290057e+00,4.48320904e-01,6.20380952e-02,2.82064250e-01,1.88815967e-05,1.66337997e+00,False,False,False,False
1.54000000e+03,9.99992137e-02,7.33892601e-01,-2.71403066e-01,1.49266641e+00,4.48138067e-01,6.20869535e-02,2.82315801e-01,1.89527321e-05,1.66372782e+00,False,False,False,False
1.54500000e+03,1.00000000e-01,7.33750073e-01,-2.71610831e-01,1.49242391e+00,4.47885842e-01,6.20961215e-02,2.82363009e-01,1.90276037e-05,1.66379309e+00,False,False,False,False
1.55000000e+03,1.00000000e-01,7.33604889e-01,-2.71823867e-01,1.49217718e+00,4.47628580e-01,6.21049867e-02,2.82408660e-01,1.91028366e-05,1.66385620e+00,False,False,False,False
1.55500000e+03,1.00000000e-01,7.33472577e-01,-2.72017978e-01,1.49195237e+00,4.47394210e-01,6.21130669e-02,2.82450270e-01,1.91769454e-05,1.66391371e+00,False,False,False,False
1.56000000e+03,1.00000000e-01,7.33368665e-01,-2.72170402e-01,1.49177583e+00,4.47210202e-01,6.21194133e-02,2.82482952e-01,1.92484474e-05,1.66395889e+00,False,False,False,False
1.56500000e+03,1.00000000e-01,7.33308679e-01,-2.72258382e-01,1.49167393e+00,4.47104000e-01,6.21230771e-02,2.82501820e-01,1.93158402e-05,1.66398497e+00,False,False,False,False
1.57000000e+03,1.00000000e-01,7.33300000e-01,-2.72271110e-01,1.49165918e+00,4.47088637e-01,6.21236072e-02,2.82504550e-01,1.93783794e-05,1.66398875e+00,False,False,False,False
1.57500000e+03,1.00000000e-01,7.33300000e-01,-2.72271110e-01,1.49165918e+00,4.47088637e-01,6.21236072e-02,2.82504550e-01,1.94400940e-05,1.66398875e+00,False,False,False,False
1.58000000e+03,1.00000000e-01,7.33300000e-01,-2.72271110e-01,1.49165918e+00,4.47088637e-01,6.21236072e-02,2.82504550e-01,1.95018085e-05,1.66398875e+00,False,False,False,False
1.58500000e+03,1.00000000e-01,7.33300000e-01,-2.72271110e-01,1.49165918e+00,4.47088637e-01,6.21236072e-02,2.82504550e-01,1.95635231e-05,1.66398875e+00,False,False,False,False
1.59000000e+03,1.00000000e-01,7.33300000e-01,-2.72271110e-01,1.49165918e+00,4.47088637e-01,6.21236072e-02,2.82504550e-01,1.96252377e-05,1.66398875e+00,False,False,False,False
1.59500000e+03,1.00000000e-01,7.33300000e-01,-2.72271110e-01,1.49165918e+00,4.47088637e-01,6.21236072e-02,2.82504550e-01,1.96869523e-05,1.66398875e+00,False,False,False,False
1.60000000e+03,1.00000000e-01,7.33300000e-01,-2.72271110e-01,1.49165918e+00,4.47088637e-01,6.21236072e-02,2.82504550e-01,1.97486669e-05,1.66398875e+00,False,False,False,False
1.60500000e+03,1.00000000e-01,7.33300000e-01,-2.72271110e-01,1.49165918e+00,4.47088637e-01,6.21236072e-02,2.82504550e-01,1.98103815e-05,1.66398875e+00,False,False,False,False
1.61000000e+03,1.00000000e-01,7.33300000e-01,-2.72271110e-01,1.49165918e+00,4.47088637e-01,6.21236072e-02,2.82504550e-01,1.98720960e-05,1.66398875e+00,False,False,False,False
1.61500000e+03,1.00000000e-01,7.33300000e-01,-2.72271110e-01,1.49165918e+00,4.47088637e-01,6.21236072e-02,2.82504550e-01,1.99338106e-05,1.66398875e+00,False,False,False,False
1.62000000e+03,1.00000000e-01,7.33300000e-01,-2.72271110e-01,1.49165918e+00,4.47088637e-01,6.21236072e-02,2.82504550e-01,1.99955252e-05,1.66398875e+00,False,False,False,False
1.62500000e+03,1.00000000e-01,7.33210634e-01,-2.72402166e-01,1.49150738e+00,4.46930454e-01,6.21290658e-02,2.82532662e-01,2.00660567e-05,1.66402760e+00,False,False,False,False
1.63000000e+03,1.00000000e-01,7.32951518e-01,-2.72782072e-01,1.49106733e+00,4.46472013e-01,6.21448953e-02,2.82614186e-01,2.01534478e-05,1.66414028e+00,False,False,False,False
1.63500000e+03,1.00000000e-01,7.32554499e-01,-2.73363905e-01,1.49039330e+00,4.45770181e-01,6.21691552e-02,2.82739139e-01,2.02547068e-05,1.66431295e+00,False,False,False,False
1.64000000e+03,1.00000000e-01,7.32051524e-01,-2.74100567e-01,1.48953981e+00,4.44882076e-01,6.21999001e-02,2.82897513e-01,2.03667957e-05,1.66453177e+00,False,False,False,False
1.64500000e+03,1.00000000e-01,7.31474537e-01,-2.74945002e-01,1.48856130e+00,4.43864710e-01,6.22351835e-02,2.83079289e-01,2.04866351e-05,1.66478286e+00,False,False,False,False
1.65000000e+03,1.00000000e-01,7.30855485e-01,-2.75850261e-01,1.48751213e+00,4.42774860e-01,6.22730563e-02,2.83274435e-01,2.06110997e-05,1.66505235e+00,False,False,False,False
1.65500000e+03,1.00052424e-01,7.30226312e-01,-2.76675172e-01,1.48642895e+00,4.41697020e-01,6.23427411e-02,2.83633578e-01,2.07354049e-05,1.66554815e+00,False,False,False,False
1.66000000e+03,1.00205262e-01,7.29618966e-01,-2.77286734e-01,1.48534955e+00,4.40712770e-01,6.24708856e-02,2.84294283e-01,2.08548297e-05,1.66645962e+00,False,False,False,False
1.66500000e+03,1.00436421e-01,7.29065391e-01,-2.77678287e-01,1.48433507e+00,4.39865851e-01,6.26424516e-02,2.85179415e-01,2.09667522e-05,1.66767946e+00,False,False,False,False
1.67000000e+03,1.00723690e-01,7.28597534e-01,-2.77843514e-01,1.48344683e+00,4.39199800e-01,6.28422675e-02,2.86211086e-01,2.10685175e-05,1.66909946e+00,False,False,False,False
1.67500000e+03,1.01044860e-01,7.28236690e-01,-2.77791668e-01,1.48272820e+00,4.38739496e-01,6.30557632e-02,2.87314331e-01,2.11585276e-05,1.67061585e+00,False,False,False,False
1.68000000e+03,1.01377719e-01,7.27923461e-01,-2.77649440e-01,1.48208619e+00,4.38368884e-01,6.32733466e-02,2.88439703e-01,2.12434559e-05,1.67216041e+00,False,False,False,False
1.68500000e+03,1.01700057e-01,7.27635855e-01,-2.77488851e-01,1.48149108e+00,4.38037595e-01,6.34831373e-02,2.89525732e-01,2.13262128e-05,1.67364882e+00,False,False,False,False
1.69000000e+03,1.01989664e-01,7.27365163e-01,-2.77362483e-01,1.48093561e+00,4.37718580e-01,6.36724432e-02,2.90506527e-01,2.14083738e-05,1.67499121e+00,False,False,False,False
1.69500000e+03,1.02224330e-01,7.27102677e-01,-2.77322851e-01,1.48041250e+00,4.37384853e-01,6.38285785e-02,2.91316044e-01,2.14915345e-05,1.67609789e+00,False,False,False,False
1.70000000e+03,1.02381844e-01,7.26839689e-01,-2.77422421e-01,1.47991450e+00,4.37009486e-01,6.39388582e-02,2.91888129e-01,2.15773109e-05,1.67687929e+00,False,False,False,False
1.70500000e+03,1.02439995e-01,7.26567490e-01,-2.77713644e-01,1.47943440e+00,4.36565617e-01,6.39905870e-02,2.92156567e-01,2.16673400e-05,1.67724574e+00,False,False,False,False
1.71000000e+03,1.02440000e-01,7.26261634e-01,-2.78157992e-01,1.47891708e+00,4.36032627e-01,6.40098160e-02,2.92256367e-01,2.17629103e-05,1.67738195e+00,False,False,False,False
1.71500000e+03,1.02440000e-01,7.25905963e-01,-2.78674486e-01,1.47831571e+00,4.35413359e-01,6.40321791e-02,2.92372443e-01,2.18639173e-05,1.67754035e+00,False,False,False,False
1.72000000e+03,1.02440000e-01,7.25529810e-01,-2.79220448e-01,1.47767997e+00,4.34759053e-01,6.40558365e-02,2.92495250e-01,2.19673209e-05,1.67770791e+00,False,False,False,False
1.72500000e+03,1.02440000e-01,7.25163343e-01,-2.79752080e-01,1.47706084e+00,4.34122211e-01,6.40788912e-02,2.92614938e-01,2.20699509e-05,1.67787119e+00,False,False,False,False
1.73000000e+03,1.02440000e-01,7.24836729e-01,-2.80225669e-01,1.47650925e+00,4.33555139e-01,6.40994439e-02,2.92721648e-01,2.21685938e-05,1.67801674e+00,False,False,False,False
1.73500000e+03,1.02440000e-01,7.24580137e-01,-2.80597579e-01,1.47607605e+00,4.33109977e-01,6.41155939e-02,2.92805505e-01,2.22599936e-05,1.67813111e+00,False,False,False,False
1.74000000e+03,1.02440000e-01,7.24423734e-01,-2.80824207e-01,1.47581205e+00,4.32838779e-01,6.41254395e-02,2.92856630e-01,2.23408542e-05,1.67820083e+00,False,False,False,False
1.74500000e+03,1.02440000e-01,7.24395955e-01,-2.80864454e-01,1.47576517e+00,4.32790623e-01,6.41271883e-02,2.92865712e-01,2.24080289e-05,1.67821321e+00,False,False,False,False
1.75000000e+03,1.02440000e-01,7.24486975e-01,-2.80732576e-01,1.47591880e+00,4.32948424e-01,6.41214583e-02,2.92835957e-01,2.24624536e-05,1.67817264e+00,False,False,False,False
1.75500000e+03,1.02440000e-01,7.24670539e-01,-2.80466563e-01,1.47622866e+00,4.33266781e-01,6.41099036e-02,2.92775959e-01,2.25068524e-05,1.67809082e+00,False,False,False,False
1.76000000e+03,1.02439958e-01,7.24924436e-01,-2.80098592e-01,1.47665736e+00,4.33707346e-01,6.40938992e-02,2.92692859e-01,2.25435481e-05,1.67797748e+00,False,False,False,False
1.76500000e+03,1.02379871e-01,7.25226454e-01,-2.79768485e-01,1.47718788e+00,4.34200113e-01,6.40390632e-02,2.92408177e-01,2.25768620e-05,1.67758911e+00,False,False,False,False
1.77000000e+03,1.02220813e-01,7.25554385e-01,-2.79578303e-01,1.47779589e+00,4.34686012e-01,6.39236136e-02,2.91809031e-01,2.26104656e-05,1.67677128e+00,False,False,False,False
1.77500000e+03,1.01984992e-01,7.25886018e-01,-2.79520444e-01,1.47843624e+00,4.35138107e-01,6.37622232e-02,2.90971947e-01,2.26460459e-05,1.67562762e+00,False,False,False,False
1.78000000e+03,1.01694619e-01,7.26199142e-01,-2.79587364e-01,1.47906385e+00,4.35529397e-01,6.35695366e-02,2.89973272e-01,2.26853064e-05,1.67426157e+00,False,False,False,False
1.78500000e+03,1.01371905e-01,7.26471547e-01,-2.79771545e-01,1.47963365e+00,4.35832841e-01,6.33601706e-02,2.88889053e-01,2.27299670e-05,1.67277650e+00,False,False,False,False
1.79000000e+03,1.01039059e-01,7.26681023e-01,-2.80065464e-01,1.48010064e+00,4.36021394e-01,6.31487180e-02,2.87794982e-01,2.27817652e-05,1.67127582e+00,False,False,False,False
1.79500000e+03,1.00718293e-01,7.26805359e-01,-2.80461558e-01,1.48041981e+00,4.36068042e-01,6.29497548e-02,2.86766408e-01,2.28424570e-05,1.66986302e+00,False,False,False,False
1.80000000e+03,1.00431817e-01,7.26830000e-01,-2.80941066e-01,1.48055911e+00,4.35959191e-01,6.27773790e-02,2.85875966e-01,2.29129752e-05,1.66863841e+00,False,False,False,False
1.80500000e+03,1.00201841e-01,7.26830000e-01,-2.81354878e-01,1.48063769e+00,4.35837362e-01,6.26401897e-02,2.85167742e-01,2.29843574e-05,1.66766338e+00,False,False,False,False
1.81000000e+03,1.00050575e-01,7.26830000e-01,-2.81627118e-01,1.48068944e+00,4.35757235e-01,6.25499382e-02,2.84702048e-01,2.30531287e-05,1.66702176e+00,False,False,False,False
1.81500000e+03,1.00000000e-01,7.26830000e-01,-2.81718151e-01,1.48070676e+00,4.35730446e-01,6.25197600e-02,2.84546368e-01,2.31185223e-05,1.66680718e+00,False,False,False,False
1.82000000e+03,1.00000000e-01,7.26830000e-01,-2.81718151e-01,1.48070676e+00,4.35730446e-01,6.25197600e-02,2.84546368e-01,2.31822097e-05,1.66680718e+00,False,False,False,False
1.82500000e+03,1.00000000e-01,7.26830000e-01,-2.81718151e-01,1.48070676e+00,4.35730446e-01,6.25197600e-02,2.84546368e-01,2.32458971e-05,1.66680718e+00,False,False,False,False
1.83000000e+03,1.00000000e-01,7.26830000e-01,-2.81718151e-01,1.48070676e+00,4.35730446e-01,6.25197600e-02,2.84546368e-01,2.33095844e-05,1.66680718e+00,False,False,False,False
1.83500000e+03,1.00000000e-01,7.26830000e-01,-2.81718151e-01,1.48070676e+00,4.35730446e-01,6.25197600e-02,2.84546368e-01,2.33732718e-05,1.66680718e+00,False,False,False,False
1.84000000e+03,1.00000000e-01,7.26830000e-01,-2.81718151e-01,1.48070676e+00,4.35730446e-01,6.25197600e-02,2.84546368e-01,2.34369592e-05,1.66680718e+00,False,False,False,False
1.84500000e+03,1.00000000e-01,7.26830000e-01,-2.81718151e-01,1.48070676e+00,4.35730446e-01,6.25197600e-02,2.84546368e-01,2.35006466e-05,1.66680718e+00,False,False,False,False
1.85000000e+03,1.00000000e-01,7.26830000e-01,-2.81718151e-01,1.48070676e+00,4.35730446e-01,6.25197600e-02,2.84546368e-01,2.35643340e-05,1.66680718e+00,False,False,False,False
1.85500000e+03,1.00000000e-01,7.26785846e-01,-2.81782334e-01,1.48063228e+00,4.35653586e-01,6.25224701e-02,2.84560348e-01,2.36330389e-05,1.66682645e+00,False,False,False,False
1.86000000e+03,1.00000000e-01,7.26296044e-01,-2.82494057e-01,1.47980629e+00,4.34801570e-01,6.25525395e-02,2.84715468e-01,2.37525697e-05,1.66704025e+00,False,False,False,False
1.86500000e+03,1.00000000e-01,7.25352446e-01,-2.83863829e-01,1.47821628e+00,4.33163234e-01,6.26104988e-02,2.85014519e-01,2.39243733e-05,1.66745232e+00,False,False,False,False
1.87000000e+03,9.99994365e-02,7.24065608e-01,-2.85730009e-01,1.47605070e+00,4.30935136e-01,6.26892694e-02,2.85421064e-01,2.41363790e-05,1.66801224e+00,False,False,False,False
1.87500000e+03,9.99316799e-02,7.22546085e-01,-2.88050136e-01,1.47352104e+00,4.28278681e-01,6.27421709e-02,2.85694170e-01,2.43786841e-05,1.66838822e+00,False,False,False,False
1.88000000e+03,9.97665096e-02,7.20904431e-01,-2.90717139e-01,1.47082604e+00,4.25372869e-01,6.27440837e-02,2.85704046e-01,2.46399392e-05,1.66840181e+00,False,False,False,False
1.88500000e+03,9.95261358e-02,7.19251201e-01,-2.93530890e-01,1.46814493e+00,4.22421280e-01,6.27012509e-02,2.85482914e-01,2.49067188e-05,1.66809740e+00,False,False,False,False
1.89000000e+03,9.92327689e-02,7.17696950e-01,-2.96292693e-01,1.46565515e+00,4.19623933e-01,6.26200192e-02,2.85063648e-01,2.51653271e-05,1.66752000e+00,False,False,False,False
1.89500000e+03,9.89086192e-02,7.16352232e-01,-2.98805156e-01,1.46353224e+00,4.17177421e-01,6.25068871e-02,2.84479968e-01,2.54018000e-05,1.66671564e+00,False,False,False,False
1.90000000e+03,9.85758971e-02,7.15327603e-01,-3.00871834e-01,1.46195013e+00,4.15275677e-01,6.23685261e-02,2.83766496e-01,2.56019298e-05,1.66573158e+00,False,False,False,False
1.90500000e+03,9.82568129e-02,7.14733617e-01,-3.02296633e-01,1.46108173e+00,4.14111332e-01,6.22117744e-02,2.82958684e-01,2.57513143e-05,1.66461627e+00,False,False,False,False
1.91000000e+03,9.79735770e-02,7.14625901e-01,-3.02961489e-01,1.46100869e+00,4.13785261e-01,6.20469365e-02,2.82109767e-01,2.58419718e-05,1.66344292e+00,False,False,False,False
1.91500000e+03,9.77483997e-02,7.14616950e-01,-3.03380565e-01,1.46107813e+00,4.13655152e-01,6.19111854e-02,2.81411081e-01,2.59188550e-05,1.66247623e+00,False,False,False,False
1.92000000e+03,9.76034915e-02,7.14609157e-01,-3.03653212e-01,1.46111952e+00,4.13568012e-01,6.18239321e-02,2.80962212e-01,2.59927304e-05,1.66185470e+00,False,False,False,False
1.92500000e+03,9.75620913e-02,7.14602592e-01,-3.03737315e-01,1.46112416e+00,4.13535819e-01,6.17992638e-02,2.80835337e-01,2.60627175e-05,1.66167895e+00,False,False,False,False
1.93000000e+03,9.77051920e-02,7.14597324e-01,-3.03486584e-01,1.46106175e+00,4.13600060e-01,6.18862176e-02,2.81282619e-01,2.61258162e-05,1.66229839e+00,False,False,False,False
1.93500000e+03,9.80415619e-02,7.14593425e-01,-3.02885261e-01,1.46092934e+00,4.13765343e-01,6.20900529e-02,2.82331761e-01,2.61816457e-05,1.66374988e+00,False,False,False,False
1.94000000e+03,9.85267803e-02,7.14590964e-01,-3.02013720e-01,1.46074408e+00,4.14009123e-01,6.23837865e-02,2.83845167e-01,2.62317783e-05,1.66584013e+00,False,False,False,False
1.94500000e+03,9.91164263e-02,7.14590010e-01,-3.00952331e-01,1.46052314e+00,4.14308857e-01,6.27404368e-02,2.85685217e-01,2.62778029e-05,1.66837589e+00,False,False,False,False
1.95000000e+03,9.97660793e-02,7.14656203e-01,-2.99687623e-01,1.46039263e+00,4.14752516e-01,6.31290039e-02,2.87693029e-01,2.63133551e-05,1.67113586e+00,False,False,False,False
1.95500000e+03,1.00431319e-01,7.14865237e-01,-2.98191505e-01,1.46049560e+00,4.15445397e-01,6.35178120e-02,2.89705324e-01,2.63307899e-05,1.67389475e+00,False,False,False,False
1.96000000e+03,1.01067723e-01,7.15177878e-01,-2.96599841e-01,1.46078371e+00,4.16299275e-01,6.38823327e-02,2.91594866e-01,2.63364279e-05,1.67647880e+00,False,False,False,False
1.96500000e+03,1.01630873e-01,7.15553766e-01,-2.95049897e-01,1.46120608e+00,4.17223724e-01,6.41982688e-02,2.93234874e-01,2.63367812e-05,1.67871651e+00,False,False,False,False
1.97000000e+03,1.02076347e-01,7.15952544e-01,-2.93678842e-01,1.46171114e+00,4.18127846e-01,6.44414811e-02,2.94498840e-01,2.63384111e-05,1.68043792e+00,False,False,False,False
1.97500000e+03,1.02359724e-01,7.16333853e-01,-2.92623877e-01,1.46224673e+00,4.18920221e-01,6.45879516e-02,2.95260658e-01,2.63479274e-05,1.68147412e+00,False,False,False,False
1.98000000e+03,1.02440000e-01,7.16657334e-01,-2.92016219e-01,1.46275918e+00,4.19510764e-01,6.46157707e-02,2.95405402e-01,2.63718647e-05,1.68167088e+00,False,False,False,False
1.98500000e+03,1.02440000e-01,7.16938190e-01,-2.91613585e-01,1.46322929e+00,4.19988021e-01,6.45979901e-02,2.95312887e-01,2.64038547e-05,1.68154512e+00,False,False,False,False
1.99000000e+03,1.02440000e-01,7.17246078e-01,-2.91172017e-01,1.46374482e+00,4.20511621e-01,6.45785023e-02,2.95211496e-01,2.64323471e-05,1.68140728e+00,False,False,False,False
1.99500000e+03,1.02440000e-01,7.17562650e-01,-2.90717797e-01,1.46427506e+00,4.21050432e-01,6.45584695e-02,2.95107279e-01,2.64595907e-05,1.68126558e+00,False,False,False,False
2.00000000e+03,1.02440000e-01,7.17867739e-01,-2.90279863e-01,1.46478625e+00,4.21570122e-01,6.45391677e-02,2.95006873e-01,2.64880790e-05,1.68112904e+00,False,False,False,False
2.00500000e+03,1.02440000e-01,7.18141176e-01,-2.89887205e-01,1.46524455e+00,4.22036253e-01,6.45218720e-02,2.94916909e-01,2.65203262e-05,1.68100669e+00,False,False,False,False
2.01000000e+03,1.02440000e-01,7.18362795e-01,-2.89568849e-01,1.46561609e+00,4.22414293e-01,6.45078565e-02,2.94844012e-01,2.65588678e-05,1.68090754e+00,False,False,False,False
2.01500000e+03,1.02440000e-01,7.18512426e-01,-2.89353847e-01,1.46586700e+00,4.22669661e-01,6.44983949e-02,2.94794803e-01,2.66062624e-05,1.68084060e+00,False,False,False,False
2.02000000e+03,1.02440000e-01,7.18569903e-01,-2.89271248e-01,1.46596340e+00,4.22767781e-01,6.44947608e-02,2.94775903e-01,2.66650938e-05,1.68081489e+00,False,False,False,False
2.02500000e+03,1.02440000e-01,7.18146404e-01,-2.89879696e-01,1.46525331e+00,4.22045168e-01,6.45215413e-02,2.94915189e-01,2.67842122e-05,1.68100435e+00,False,False,False,False
2.03000000e+03,1.02440000e-01,7.16948300e-01,-2.91599089e-01,1.46324622e+00,4.20005208e-01,6.45973502e-02,2.95309557e-01,2.70011571e-05,1.68154059e+00,False,False,False,False
2.03500000e+03,1.02440000e-01,7.15204470e-01,-2.94096520e-01,1.46032958e+00,4.17047550e-01,6.47078076e-02,2.95884393e-01,2.72881652e-05,1.68232175e+00,False,False,False,False
2.04000000e+03,1.02440000e-01,7.13144555e-01,-2.97038797e-01,1.45689144e+00,4.13571299e-01,6.48384666e-02,2.96564700e-01,2.76170275e-05,1.68324549e+00,False,False,False,False
2.04500000e+03,1.02440000e-01,7.10998198e-01,-3.00095517e-01,1.45331726e+00,4.09969292e-01,6.49748151e-02,2.97275026e-01,2.79590053e-05,1.68420915e+00,False,False,False,False
2.05000000e+03,1.02440000e-01,7.08995039e-01,-3.02939988e-01,1.44998914e+00,4.06626078e-01,6.51022562e-02,2.97939309e-01,2.82847397e-05,1.68510957e+00,False,False,False,False
2.05500000e+03,1.02440000e-01,7.07175099e-01,-3.05517333e-01,1.44697178e+00,4.03604080e-01,6.52181986e-02,2.98543962e-01,2.85887726e-05,1.68592850e+00,False,False,False,False
2.06000000e+03,1.02440000e-01,7.05308068e-01,-3.08154483e-01,1.44388264e+00,4.00519115e-01,6.53372965e-02,2.99165373e-01,2.89006855e-05,1.68676948e+00,False,False,False,False
2.06500000e+03,1.02440000e-01,7.03372594e-01,-3.10880948e-01,1.44068698e+00,3.97337301e-01,6.54609256e-02,2.99810751e-01,2.92233698e-05,1.68764220e+00,False,False,False,False
2.07000000e+03,1.02440000e-01,7.01351509e-01,-3.13720014e-01,1.43735730e+00,3.94032352e-01,6.55902019e-02,3.00485964e-01,2.95592293e-05,1.68855451e+00,False,False,False,False
2.07500000e+03,1.02440000e-01,6.99227645e-01,-3.16694655e-01,1.43386635e+00,3.90578665e-01,6.57262481e-02,3.01196927e-01,2.99107214e-05,1.68951430e+00,False,False,False,False
2.08000000e+03,1.02440000e-01,6.96983832e-01,-3.19827491e-01,1.43018722e+00,3.86951388e-01,6.58701945e-02,3.01949613e-01,3.02803611e-05,1.69052949e+00,False,False,False,False
2.08500000e+03,1.02440000e-01,6.94597535e-01,-3.23148218e-01,1.42628458e+00,3.83117900e-01,6.60235245e-02,3.02751860e-01,3.06714432e-05,1.69161047e+00,False,False,False,False
2.09000000e+03,1.02440000e-01,6.91948846e-01,-3.26820748e-01,1.42196506e+00,3.78891920e-01,6.61940057e-02,3.03644443e-01,3.11004392e-05,1.69281192e+00,False,False,False,False
2.09500000e+03,1.02440000e-01,6.89062615e-01,-3.30806666e-01,1.41727280e+00,3.74321599e-01,6.63801224e-02,3.04619611e-01,3.15646681e-05,1.69412302e+00,False,False,False,False
2.10000000e+03,1.02440000e-01,6.86029977e-01,-3.34976824e-01,1.41235902e+00,3.69558241e-01,6.65760660e-02,3.05647082e-01,3.20523727e-05,1.69550273e+00,False,False,False,False
2.10500000e+03,1.02440000e-01,6.82942067e-01,-3.39204087e-01,1.40737304e+00,3.64748757e-01,6.67759837e-02,3.06696253e-01,3.25514849e-05,1.69690979e+00,False,False,False,False
2.11000000e+03,1.02440000e-01,6.79890017e-01,-3.43363519e-01,1.40246221e+00,3.60035313e-01,6.69739753e-02,3.07736175e-01,3.30495999e-05,1.69830267e+00,False,False,False,False
2.11500000e+03,1.02440000e-01,6.76888663e-01,-3.47435692e-01,1.39764967e+00,3.55438968e-01,6.71690581e-02,3.08761656e-01,3.35445820e-05,1.69967447e+00,False,False,False,False
2.12000000e+03,1.02440000e-01,6.73677077e-01,-3.51773150e-01,1.39251842e+00,3.50563117e-01,6.73782186e-02,3.09862062e-01,3.40728771e-05,1.70114460e+00,False,False,False,False
2.12500000e+03,1.02440000e-01,6.70327783e-01,-3.56274616e-01,1.38718742e+00,3.45524749e-01,6.75967977e-02,3.11013041e-01,3.46249151e-05,1.70268021e+00,False,False,False,False
2.13000000e+03,1.02440000e-01,6.66961627e-01,-3.60776141e-01,1.38185045e+00,3.40508692e-01,6.78169349e-02,3.12173281e-01,3.51839778e-05,1.70422602e+00,False,False,False,False
2.13500000e+03,1.02440000e-01,6.63699453e-01,-3.65116990e-01,1.37669832e+00,3.35692989e-01,6.80307046e-02,3.13300977e-01,3.57328436e-05,1.70572640e+00,False,False,False,False
2.14000000e+03,1.02440000e-01,6.60662105e-01,-3.69139537e-01,1.37191897e+00,3.31249186e-01,6.82301196e-02,3.14353852e-01,3.62537868e-05,1.70712540e+00,False,False,False,False
2.14500000e+03,1.02440000e-01,6.57970428e-01,-3.72688870e-01,1.36769782e+00,3.27343233e-01,6.84071411e-02,3.15289225e-01,3.67286095e-05,1.70836681e+00,False,False,False,False
2.15000000e+03,1.02440000e-01,6.55745266e-01,-3.75612100e-01,1.36421841e+00,3.24136953e-01,6.85536932e-02,3.16064119e-01,3.71387092e-05,1.70939418e+00,False,False,False,False
2.15500000e+03,1.02440000e-01,6.54004258e-01,-3.77892384e-01,1.36150245e+00,3.21642587e-01,6.86684906e-02,3.16671440e-01,3.74803355e-05,1.71019872e+00,False,False,False,False
2.16000000e+03,1.02440000e-01,6.52355852e-01,-3.80045796e-01,1.35893614e+00,3.19292423e-01,6.87772882e-02,3.17247288e-01,3.78101774e-05,1.71096103e+00,False,False,False,False
2.16500000e+03,1.02440000e-01,6.50774241e-01,-3.82106841e-01,1.35647856e+00,3.17048008e-01,6.88817738e-02,3.17800558e-01,3.81318681e-05,1.71169297e+00,False,False,False,False
2.17000000e+03,1.02440000e-01,6.49290121e-01,-3.84036292e-01,1.35417669e+00,3.14951290e-01,6.89799041e-02,3.18320395e-01,3.84407013e-05,1.71238024e+00,False,False,False,False
2.17500000e+03,1.02440000e-01,6.47934190e-01,-3.85795240e-01,1.35207723e+00,3.13043568e-01,6.90696303e-02,3.18795897e-01,3.87318897e-05,1.71300853e+00,False,False,False,False
2.18000000e+03,1.02440000e-01,6.46737142e-01,-3.87345022e-01,1.35022661e+00,3.11365643e-01,6.91488992e-02,3.19216129e-01,3.90005729e-05,1.71356349e+00,False,False,False,False
2.18500000e+03,1.02440000e-01,6.45729677e-01,-3.88647138e-01,1.34867115e+00,3.09957996e-01,6.92156548e-02,3.19570131e-01,3.92418269e-05,1.71403078e+00,False,False,False,False
2.19000000e+03,1.02440000e-01,6.44942489e-01,-3.89663140e-01,1.34745709e+00,3.08861008e-01,6.92678406e-02,3.19846938e-01,3.94506768e-05,1.71439604e+00,False,False,False,False
2.19500000e+03,1.02440000e-01,6.44406275e-01,-3.90354506e-01,1.34663077e+00,3.08115213e-01,6.93034012e-02,3.20035595e-01,3.96221121e-05,1.71464491e+00,False,False,False,False
2.20000000e+03,1.02440000e-01,6.44151733e-01,-3.90682499e-01,1.34623870e+00,3.07761591e-01,6.93202856e-02,3.20125181e-01,3.97511040e-05,1.71476307e+00,False,False,False,False
