wavelength_nm,R,T,u,v,w,R_as,denominator_k,log_arg,sqrt_arg,k,n,denominator_k_iszero,denominator_k_isneg,log_arg_isneg_or_zero,sqrt_arg_isneg,k_isnan,k_isinf,n_isnan,n_isinf
2.20000000e+02,5.85458740e-02,1.00000000e-03,1.11366513e+00,8.86337128e-01,2.27328001e-01,5.85458079e-02,2.56480613e-07,8.86335999e+02,2.64214946e-01,1.29154335e-04,1.63839157e+00,False,False,False,False,False,False,False,False
2.25000000e+02,5.75976030e-02,1.00000000e-03,1.11187872e+00,8.88123530e-01,2.23755192e-01,5.75975381e-02,2.51941840e-07,8.88122403e+02,2.59412596e-01,1.32128847e-04,1.63156117e+00,False,False,False,False,False,False,False,False
2.30000000e+02,5.68113170e-02,1.00000000e-03,1.11039611e+00,8.89606140e-01,2.20789968e-01,5.68112531e-02,2.48188763e-07,8.89605016e+02,2.55444825e-01,1.35098227e-04,1.62588185e+00,False,False,False,False,False,False,False,False
2.35000000e+02,5.61718460e-02,1.00000000e-03,1.10918942e+00,8.90812829e-01,2.18376586e-01,5.61717829e-02,2.45143373e-07,8.90811706e+02,2.52227394e-01,1.38062698e-04,1.62125213e+00,False,False,False,False,False,False,False,False
2.40000000e+02,5.56640170e-02,1.00000000e-03,1.10823055e+00,8.91771692e-01,2.16458860e-01,5.56639546e-02,2.42729315e-07,8.91770570e+02,2.49678347e-01,1.41022536e-04,1.61756838e+00,False,False,False,False,False,False,False,False
2.45000000e+02,5.52726590e-02,1.00000000e-03,1.10749125e+00,8.92510990e-01,2.14980261e-01,5.52725971e-02,2.40871579e-07,8.92509870e+02,2.47717564e-01,1.43978067e-04,1.61472513e+00,False,False,False,False,False,False,False,False
2.50000000e+02,5.49826000e-02,1.00000000e-03,1.10694311e+00,8.93059126e-01,2.13883988e-01,5.49825384e-02,2.39496188e-07,8.93058006e+02,2.46266350e-01,1.46929671e-04,1.61261532e+00,False,False,False,False,False,False,False,False
2.55000000e+02,5.47786690e-02,1.00000000e-03,1.10655764e+00,8.93444603e-01,2.13113032e-01,5.47786077e-02,2.38529953e-07,8.93443483e+02,2.45247087e-01,1.49877783e-04,1.61113069e+00,False,False,False,False,False,False,False,False
2.60000000e+02,5.46456930e-02,1.00000000e-03,1.10630623e+00,8.93696004e-01,2.12610231e-01,5.46456319e-02,2.37900243e-07,8.93694885e+02,2.44582923e-01,1.52822890e-04,1.61016203e+00,False,False,False,False,False,False,False,False
2.65000000e+02,5.45685020e-02,1.00000000e-03,1.10616028e+00,8.93841955e-01,2.12318328e-01,5.45684410e-02,2.37534826e-07,8.93840836e+02,2.44197551e-01,1.55765535e-04,1.60959953e+00,False,False,False,False,False,False,False,False
2.70000000e+02,5.45319230e-02,1.09881600e-03,1.10609132e+00,8.93911379e-01,2.12179944e-01,5.45318493e-02,2.86589629e-07,8.13521124e+02,2.44014912e-01,1.56505568e-04,1.60933283e+00,False,False,False,False,False,False,False,False
2.75000000e+02,5.45207840e-02,1.38210280e-02,1.10626007e+00,8.94167289e-01,2.12092784e-01,5.45091364e-02,4.53201778e-05,6.46806886e+01,2.43901574e-01,9.91779423e-05,1.60916728e+00,False,False,False,False,False,False,False,False
2.80000000e+02,5.45458410e-02,3.33790710e-02,1.10723060e+00,8.95261894e-01,2.11968702e-01,5.44779481e-02,2.64164898e-04,2.67837187e+01,2.43745944e-01,7.96278453e-05,1.60893992e+00,False,False,False,False,False,False,False,False
2.85000000e+02,5.49344350e-02,5.76229590e-02,1.11017148e+00,8.97260503e-01,2.12910980e-01,5.47310548e-02,7.91175773e-04,1.55067446e+01,2.45009554e-01,6.75771364e-05,1.61078436e+00,False,False,False,False,False,False,False,False
2.90000000e+02,5.57396170e-02,9.46944050e-02,1.11733936e+00,9.02750202e-01,2.14589157e-01,5.51852928e-02,2.15550106e-03,9.42722457e+00,2.47280601e-01,5.62789613e-05,1.61409034e+00,False,False,False,False,False,False,False,False
2.95000000e+02,5.68969260e-02,1.70032143e-01,1.13946752e+00,9.25289071e-01,2.14178450e-01,5.51124779e-02,6.93473333e-03,5.25142340e+00,2.46916264e-01,4.23194078e-05,1.61356075e+00,False,False,False,False,False,False,False,False
3.00000000e+02,5.83419010e-02,2.49844147e-01,1.17570212e+00,9.63927063e-01,2.11775060e-01,5.45345908e-02,1.47849895e-02,3.57868087e+00,2.44028617e-01,3.30850499e-05,1.60935284e+00,False,False,False,False,False,False,False,False
3.05000000e+02,6.00100820e-02,3.34766900e-01,1.22848783e+00,1.02152168e+00,2.06966155e-01,5.33420697e-02,2.58717533e-02,2.67803335e+00,2.38091394e-01,2.59881186e-05,1.60064165e+00,False,False,False,False,False,False,False,False
3.10000000e+02,6.18370070e-02,4.41764230e-01,1.31500583e+00,1.11796223e+00,1.97043603e-01,5.08325678e-02,4.26567937e-02,2.04063194e+00,2.25692113e-01,1.91254468e-05,1.58218044e+00,False,False,False,False,False,False,False,False
3.15000000e+02,6.37582150e-02,5.42764335e-01,1.41804444e+00,1.23168371e+00,1.86360733e-01,4.81243443e-02,6.05419074e-02,1.67074285e+00,2.12453738e-01,1.39848350e-05,1.56204181e+00,False,False,False,False,False,False,False,False
3.20000000e+02,6.61986170e-02,5.99996850e-01,1.48801120e+00,1.30465222e+00,1.83358977e-01,4.74089477e-02,7.26709768e-02,1.51387547e+00,2.08981245e-01,1.14777811e-05,1.55668150e+00,False,False,False,False,False,False,False,False
3.25000000e+02,7.01944050e-02,6.47494245e-01,1.55471035e+00,1.36940792e+00,1.85302430e-01,4.80106469e-02,8.56206810e-02,1.40132332e+00,2.11901176e-01,9.48533455e-06,1.56119108e+00,False,False,False,False,False,False,False,False
3.30000000e+02,7.49287620e-02,7.47445792e-01,1.70291842e+00,1.52412543e+00,1.78792990e-01,4.64380192e-02,1.09693419e-01,1.21828702e+00,2.04284692e-01,5.63591095e-06,1.54937770e+00,False,False,False,False,False,False,False,False
3.35000000e+02,7.94629040e-02,7.83782609e-01,1.76692663e+00,1.58479775e+00,1.82128883e-01,4.74161327e-02,1.23094026e-01,1.15967814e+00,2.09016069e-01,4.29266294e-06,1.55673542e+00,False,False,False,False,False,False,False,False
3.40000000e+02,8.28580470e-02,8.11315698e-01,1.81708380e+00,1.63290875e+00,1.84175051e-01,4.80337542e-02,1.33526226e-01,1.11906189e+00,2.12013455e-01,3.30824732e-06,1.56136401e+00,False,False,False,False,False,False,False,False
3.45000000e+02,8.42452870e-02,8.42551928e-01,1.87128706e+00,1.69001243e+00,1.81274623e-01,4.73115430e-02,1.41511988e-01,1.07929572e+00,2.08509236e-01,2.27717050e-06,1.55595029e+00,False,False,False,False,False,False,False,False
3.50000000e+02,8.48166270e-02,8.74402713e-01,1.92701950e+00,1.75032756e+00,1.76691937e-01,4.61292479e-02,1.48186851e-01,1.04260202e+00,2.02795026e-01,1.26301855e-06,1.54704781e+00,False,False,False,False,False,False,False,False
3.55000000e+02,8.53292990e-02,9.09594786e-01,1.99074018e+00,1.81921314e+00,1.71527045e-01,4.47928317e-02,1.55227972e-01,1.00510303e+00,1.96369197e-01,1.56297925e-07,1.53692227e+00,False,False,False,False,False,False,False,False
3.60000000e+02,8.43187920e-02,9.14681208e-01,1.99816964e+00,1.82936333e+00,1.68806306e-01,4.40590807e-02,1.54249545e-01,1.00100105e+00,1.92856073e-01,3.11560272e-08,1.53133332e+00,False,False,False,False,False,False,False,False
3.65000000e+02,8.16455580e-02,9.17354442e-01,1.99816429e+00,1.83470980e+00,1.63454489e-01,4.26027863e-02,1.49795749e-01,1.00100105e+00,1.85914677e-01,3.15886995e-08,1.52017534e+00,False,False,False,False,False,False,False,False
3.70000000e+02,7.93191190e-02,9.19680881e-01,1.99815964e+00,1.83936268e+00,1.58796956e-01,4.13387141e-02,1.45896475e-01,1.00100104e+00,1.79922955e-01,3.20213773e-08,1.51041585e+00,False,False,False,False,False,False,False,False
3.75000000e+02,7.73110450e-02,9.21688955e-01,1.99815562e+00,1.84337883e+00,1.54776789e-01,4.02500854e-02,1.42513395e-01,1.00100104e+00,1.74787606e-01,3.24540602e-08,1.50195227e+00,False,False,False,False,False,False,False,False
3.80000000e+02,7.55929010e-02,9.23407099e-01,1.99815219e+00,1.84681512e+00,1.51337063e-01,3.93204389e-02,1.39605967e-01,1.00100104e+00,1.70420269e-01,3.28867478e-08,1.49467953e+00,False,False,False,False,False,False,False,False
3.85000000e+02,7.41362560e-02,9.24863744e-01,1.99814927e+00,1.84972841e+00,1.48420859e-01,3.85335824e-02,1.37131796e-01,1.00100104e+00,1.66736676e-01,3.33194398e-08,1.48848988e+00,False,False,False,False,False,False,False,False
3.90000000e+02,7.29126760e-02,9.26087324e-01,1.99814683e+00,1.85217558e+00,1.45971250e-01,3.78735433e-02,1.35046937e-01,1.00100104e+00,1.63655880e-01,3.37521357e-08,1.48327287e+00,False,False,False,False,False,False,False,False
3.95000000e+02,7.18937290e-02,9.27106271e-01,1.99814479e+00,1.85421347e+00,1.43931317e-01,3.73245291e-02,1.33306182e-01,1.00100104e+00,1.61099620e-01,3.41848351e-08,1.47891550e+00,False,False,False,False,False,False,False,False
4.00000000e+02,7.10484250e-02,9.27951575e-01,1.99814310e+00,1.85590408e+00,1.42239018e-01,3.68695150e-02,1.31858925e-01,1.00100104e+00,1.58985368e-01,3.46175375e-08,1.47529152e+00,False,False,False,False,False,False,False,False
4.05000000e+02,7.03135780e-02,9.28686422e-01,1.99814163e+00,1.85737377e+00,1.40767853e-01,3.64742820e-02,1.30598460e-01,1.00100104e+00,1.57152075e-01,3.50502418e-08,1.47213414e+00,False,False,False,False,False,False,False,False
4.10000000e+02,6.96612550e-02,9.29338745e-01,1.99814032e+00,1.85867842e+00,1.39461902e-01,3.61236862e-02,1.29477737e-01,1.00100104e+00,1.55528304e-01,3.54829474e-08,1.46932579e+00,False,False,False,False,False,False,False,False
4.15000000e+02,6.90779070e-02,9.29922093e-01,1.99813916e+00,1.85984512e+00,1.38294039e-01,3.58103622e-02,1.28474075e-01,1.00100104e+00,1.54079118e-01,3.59156542e-08,1.46680988e+00,False,False,False,False,False,False,False,False
4.20000000e+02,6.85499880e-02,9.30450012e-01,1.99813810e+00,1.86090096e+00,1.37237145e-01,3.55269729e-02,1.27564606e-01,1.00100104e+00,1.52769981e-01,3.63483618e-08,1.46452927e+00,False,False,False,False,False,False,False,False
4.25000000e+02,6.80639520e-02,9.30936048e-01,1.99813713e+00,1.86187303e+00,1.36264100e-01,3.52662036e-02,1.26726305e-01,1.00100104e+00,1.51566672e-01,3.67810701e-08,1.46242639e+00,False,False,False,False,False,False,False,False
4.30000000e+02,6.76034880e-02,9.31396512e-01,1.99813621e+00,1.86279396e+00,1.35342251e-01,3.50192752e-02,1.25931238e-01,1.00100104e+00,1.50428411e-01,3.72137787e-08,1.46043127e+00,False,False,False,False,False,False,False,False
4.35000000e+02,6.71663520e-02,9.31833648e-01,1.99813533e+00,1.86366823e+00,1.34467104e-01,3.47849656e-02,1.25175666e-01,1.00100104e+00,1.49349376e-01,3.76464876e-08,1.45853460e+00,False,False,False,False,False,False,False,False
4.40000000e+02,6.67671940e-02,9.32232806e-01,1.99813453e+00,1.86446655e+00,1.33667989e-01,3.45711051e-02,1.24485070e-01,1.00100104e+00,1.48365412e-01,3.80791971e-08,1.45680044e+00,False,False,False,False,False,False,False,False
4.45000000e+02,6.64208680e-02,9.32579132e-01,1.99813384e+00,1.86515920e+00,1.32974644e-01,3.43856225e-02,1.23885364e-01,1.00100104e+00,1.47512708e-01,3.85119076e-08,1.45529403e+00,False,False,False,False,False,False,False,False
4.50000000e+02,6.61422250e-02,9.32857775e-01,1.99813328e+00,1.86571648e+00,1.32416801e-01,3.42364372e-02,1.23402512e-01,1.00100104e+00,1.46827337e-01,3.89446194e-08,1.45408080e+00,False,False,False,False,False,False,False,False
4.55000000e+02,6.59397140e-02,9.33060286e-01,1.99813288e+00,1.86612151e+00,1.32011373e-01,3.41280399e-02,1.23051391e-01,1.00100104e+00,1.46329612e-01,3.93773328e-08,1.45319837e+00,False,False,False,False,False,False,False,False
4.60000000e+02,6.57607770e-02,9.33239223e-01,1.99813252e+00,1.86647938e+00,1.31653141e-01,3.40322799e-02,1.22741007e-01,1.00100104e+00,1.45890095e-01,3.98100467e-08,1.45241818e+00,False,False,False,False,False,False,False,False
4.65000000e+02,6.55901970e-02,9.33409803e-01,1.99813218e+00,1.86682054e+00,1.31311640e-01,3.39410087e-02,1.22445000e-01,1.00100104e+00,1.45471341e-01,4.02427606e-08,1.45167400e+00,False,False,False,False,False,False,False,False
4.70000000e+02,6.54276530e-02,9.33572347e-01,1.99813186e+00,1.86714563e+00,1.30986227e-01,3.38540523e-02,1.22162830e-01,1.00100104e+00,1.45072528e-01,4.06754747e-08,1.45096449e+00,False,False,False,False,False,False,False,False
4.75000000e+02,6.52728260e-02,9.33727174e-01,1.99813155e+00,1.86745528e+00,1.30676263e-01,3.37712378e-02,1.21893957e-01,1.00100104e+00,1.44692842e-01,4.11081889e-08,1.45028832e+00,False,False,False,False,False,False,False,False
4.80000000e+02,6.51253970e-02,9.33874603e-01,1.99813125e+00,1.86775014e+00,1.30381110e-01,3.36923927e-02,1.21637843e-01,1.00100104e+00,1.44331474e-01,4.15409031e-08,1.44964412e+00,False,False,False,False,False,False,False,False
4.85000000e+02,6.49850460e-02,9.34014954e-01,1.99813097e+00,1.86803084e+00,1.30100127e-01,3.36173441e-02,1.21393945e-01,1.00100104e+00,1.43987615e-01,4.19736175e-08,1.44903057e+00,False,False,False,False,False,False,False,False
4.90000000e+02,6.48514530e-02,9.34148547e-01,1.99813070e+00,1.86829803e+00,1.29832674e-01,3.35459192e-02,1.21161716e-01,1.00100104e+00,1.43660456e-01,4.24063320e-08,1.44844628e+00,False,False,False,False,False,False,False,False
4.95000000e+02,6.47242990e-02,9.34275701e-01,1.99813045e+00,1.86855234e+00,1.29578111e-01,3.34779461e-02,1.20940615e-01,1.00100104e+00,1.43349196e-01,4.28390465e-08,1.44788992e+00,False,False,False,False,False,False,False,False
5.00000000e+02,6.46032640e-02,9.34396736e-01,1.99813021e+00,1.86879441e+00,1.29335799e-01,3.34132524e-02,1.20730093e-01,1.00100104e+00,1.43053033e-01,4.32717612e-08,1.44736010e+00,False,False,False,False,False,False,False,False
5.05000000e+02,6.44880290e-02,9.34511971e-01,1.99812998e+00,1.86902488e+00,1.29105099e-01,3.33516662e-02,1.20529606e-01,1.00100104e+00,1.42771169e-01,4.37044759e-08,1.44685548e+00,False,False,False,False,False,False,False,False
5.10000000e+02,6.43782730e-02,9.34621727e-01,1.99812976e+00,1.86924439e+00,1.28885367e-01,3.32930151e-02,1.20338601e-01,1.00100104e+00,1.42502803e-01,4.41371907e-08,1.44637466e+00,False,False,False,False,False,False,False,False
5.15000000e+02,6.42736780e-02,9.34726322e-01,1.99812955e+00,1.86945358e+00,1.28675968e-01,3.32371281e-02,1.20156533e-01,1.00100104e+00,1.42247144e-01,4.45699056e-08,1.44591629e+00,False,False,False,False,False,False,False,False
5.20000000e+02,6.41739230e-02,9.34826077e-01,1.99812935e+00,1.86965309e+00,1.28476258e-01,3.31838329e-02,1.19982849e-01,1.00100104e+00,1.42003396e-01,4.50026206e-08,1.44547897e+00,False,False,False,False,False,False,False,False
5.25000000e+02,6.40786890e-02,9.34921311e-01,1.99812916e+00,1.86984356e+00,1.28285599e-01,3.31329581e-02,1.19817000e-01,1.00100104e+00,1.41770767e-01,4.54353356e-08,1.44506133e+00,False,False,False,False,False,False,False,False
5.30000000e+02,6.39876570e-02,9.35012343e-01,1.99812898e+00,1.87002562e+00,1.28103353e-01,3.30843328e-02,1.19658434e-01,1.00100104e+00,1.41548469e-01,4.58680507e-08,1.44466199e+00,False,False,False,False,False,False,False,False
5.35000000e+02,6.39005060e-02,9.35099494e-01,1.99812880e+00,1.87019992e+00,1.27928877e-01,3.30377848e-02,1.19506598e-01,1.00100104e+00,1.41335710e-01,4.63007658e-08,1.44427956e+00,False,False,False,False,False,False,False,False
5.40000000e+02,6.38169180e-02,9.35183082e-01,1.99812863e+00,1.87036710e+00,1.27761534e-01,3.29931438e-02,1.19360940e-01,1.00100104e+00,1.41131704e-01,4.67334810e-08,1.44391266e+00,False,False,False,False,False,False,False,False
5.45000000e+02,6.37365720e-02,9.35263428e-01,1.99812847e+00,1.87052779e+00,1.27600681e-01,3.29502378e-02,1.19220906e-01,1.00100104e+00,1.40935662e-01,4.71661963e-08,1.44355989e+00,False,False,False,False,False,False,False,False
5.50000000e+02,6.36591500e-02,9.35340850e-01,1.99812832e+00,1.87068264e+00,1.27445682e-01,3.29088967e-02,1.19085943e-01,1.00100104e+00,1.40746803e-01,4.75989116e-08,1.44321986e+00,False,False,False,False,False,False,False,False
5.55000000e+02,6.35843310e-02,9.35415669e-01,1.99812817e+00,1.87083227e+00,1.27295894e-01,3.28689486e-02,1.18955495e-01,1.00100104e+00,1.40564337e-01,4.80316269e-08,1.44289118e+00,False,False,False,False,False,False,False,False
5.60000000e+02,6.35117950e-02,9.35488205e-01,1.99812802e+00,1.87097735e+00,1.27150677e-01,3.28302225e-02,1.18829007e-01,1.00100104e+00,1.40387481e-01,4.84643423e-08,1.44257244e+00,False,False,False,False,False,False,False,False
5.65000000e+02,6.34412240e-02,9.35558776e-01,1.99812788e+00,1.87111849e+00,1.27009394e-01,3.27925482e-02,1.18705924e-01,1.00100103e+00,1.40215456e-01,4.88970576e-08,1.44226226e+00,False,False,False,False,False,False,False,False
5.70000000e+02,6.33722980e-02,9.35627702e-01,1.99812774e+00,1.87125634e+00,1.26871404e-01,3.27557547e-02,1.18585692e-01,1.00100103e+00,1.40047478e-01,4.93297730e-08,1.44195924e+00,False,False,False,False,False,False,False,False
5.75000000e+02,6.33046960e-02,9.35695304e-01,1.99812761e+00,1.87139154e+00,1.26736065e-01,3.27196706e-02,1.18467750e-01,1.00100103e+00,1.39882763e-01,4.97624884e-08,1.44166196e+00,False,False,False,False,False,False,False,False
5.80000000e+02,6.32381000e-02,9.35761900e-01,1.99812748e+00,1.87152474e+00,1.26602739e-01,3.26841259e-02,1.18351546e-01,1.00100103e+00,1.39720534e-01,5.01952038e-08,1.44136904e+00,False,False,False,False,False,False,False,False
5.85000000e+02,6.31721890e-02,9.35827811e-01,1.99812734e+00,1.87165656e+00,1.26470786e-01,3.26489492e-02,1.18236520e-01,1.00100103e+00,1.39560007e-01,5.06279192e-08,1.44107907e+00,False,False,False,False,False,False,False,False
5.90000000e+02,6.31066450e-02,9.35893355e-01,1.99812721e+00,1.87178765e+00,1.26339566e-01,3.26139707e-02,1.18122116e-01,1.00100103e+00,1.39400408e-01,5.10606345e-08,1.44079064e+00,False,False,False,False,False,False,False,False
5.95000000e+02,6.30411470e-02,9.35958853e-01,1.99812708e+00,1.87191864e+00,1.26208439e-01,3.25790192e-02,1.18007776e-01,1.00100103e+00,1.39240955e-01,5.14933498e-08,1.44050235e+00,False,False,False,False,False,False,False,False
6.00000000e+02,6.29753760e-02,9.36024624e-01,1.99812695e+00,1.87205019e+00,1.26076766e-01,3.25439244e-02,1.17892942e-01,1.00100103e+00,1.39080871e-01,5.19260651e-08,1.44021279e+00,False,False,False,False,False,False,False,False
6.05000000e+02,6.29090130e-02,9.36090987e-01,1.99812682e+00,1.87218291e+00,1.25943907e-01,3.25085161e-02,1.17777057e-01,1.00100103e+00,1.38919380e-01,5.23587803e-08,1.43992056e+00,False,False,False,False,False,False,False,False
6.10000000e+02,6.28417370e-02,9.36158263e-01,1.99812668e+00,1.87231746e+00,1.25809220e-01,3.24726231e-02,1.17659560e-01,1.00100103e+00,1.38755702e-01,5.27914955e-08,1.43962423e+00,False,False,False,False,False,False,False,False
6.15000000e+02,6.27732290e-02,9.36226771e-01,1.99812655e+00,1.87245448e+00,1.25672067e-01,3.24360754e-02,1.17539892e-01,1.00100103e+00,1.38589063e-01,5.32242106e-08,1.43932241e+00,False,False,False,False,False,False,False,False
6.20000000e+02,6.27031700e-02,9.36296830e-01,1.99812641e+00,1.87259460e+00,1.25531809e-01,3.23987030e-02,1.17417496e-01,1.00100103e+00,1.38418689e-01,5.36569256e-08,1.43901367e+00,False,False,False,False,False,False,False,False
6.25000000e+02,6.26312400e-02,9.36368760e-01,1.99812626e+00,1.87273846e+00,1.25387805e-01,3.23603352e-02,1.17291810e-01,1.00100103e+00,1.38243805e-01,5.40896405e-08,1.43869661e+00,False,False,False,False,False,False,False,False
6.30000000e+02,6.25571190e-02,9.36442881e-01,1.99812611e+00,1.87288670e+00,1.25239415e-01,3.23208018e-02,1.17162275e-01,1.00100103e+00,1.38063636e-01,5.45223553e-08,1.43836981e+00,False,False,False,False,False,False,False,False
6.35000000e+02,6.24804870e-02,9.36519513e-01,1.99812596e+00,1.87303996e+00,1.25085997e-01,3.22799323e-02,1.17028328e-01,1.00100103e+00,1.37877409e-01,5.49550701e-08,1.43803184e+00,False,False,False,False,False,False,False,False
6.40000000e+02,6.24010260e-02,9.36598974e-01,1.99812580e+00,1.87319889e+00,1.24926916e-01,3.22375574e-02,1.16889411e-01,1.00100103e+00,1.37684354e-01,5.53877846e-08,1.43768130e+00,False,False,False,False,False,False,False,False
6.45000000e+02,6.23184160e-02,9.36681584e-01,1.99812564e+00,1.87336411e+00,1.24761531e-01,3.21935070e-02,1.16744963e-01,1.00100103e+00,1.37483702e-01,5.58204991e-08,1.43731676e+00,False,False,False,False,False,False,False,False
6.50000000e+02,6.22323720e-02,9.36767628e-01,1.99812546e+00,1.87353619e+00,1.24589271e-01,3.21476294e-02,1.16594481e-01,1.00100103e+00,1.37274765e-01,5.62532134e-08,1.43693695e+00,False,False,False,False,False,False,False,False
6.55000000e+02,6.21480750e-02,9.36851925e-01,1.99812530e+00,1.87370479e+00,1.24420508e-01,3.21026872e-02,1.16447025e-01,1.00100103e+00,1.37070125e-01,5.66859277e-08,1.43656473e+00,False,False,False,False,False,False,False,False
6.60000000e+02,6.20689170e-02,9.36931083e-01,1.99812514e+00,1.87386310e+00,1.24262034e-01,3.20604884e-02,1.16308533e-01,1.00100103e+00,1.36878012e-01,5.71186421e-08,1.43621510e+00,False,False,False,False,False,False,False,False
6.65000000e+02,6.19942490e-02,9.37005751e-01,1.99812499e+00,1.87401244e+00,1.24112548e-01,3.20206863e-02,1.16177874e-01,1.00100103e+00,1.36696840e-01,5.75513566e-08,1.43588521e+00,False,False,False,False,False,False,False,False
6.70000000e+02,6.19234230e-02,9.37076577e-01,1.99812485e+00,1.87415409e+00,1.23970755e-01,3.19829351e-02,1.16053917e-01,1.00100103e+00,1.36525030e-01,5.79840713e-08,1.43557222e+00,False,False,False,False,False,False,False,False
6.75000000e+02,6.18557900e-02,9.37144210e-01,1.99812471e+00,1.87428936e+00,1.23835353e-01,3.19468884e-02,1.15935529e-01,1.00100103e+00,1.36361002e-01,5.84167860e-08,1.43527325e+00,False,False,False,False,False,False,False,False
6.80000000e+02,6.17907000e-02,9.37209300e-01,1.99812458e+00,1.87441954e+00,1.23705043e-01,3.19121994e-02,1.15821576e-01,1.00100103e+00,1.36203176e-01,5.88495007e-08,1.43498546e+00,False,False,False,False,False,False,False,False
6.85000000e+02,6.17275050e-02,9.37272495e-01,1.99812446e+00,1.87454593e+00,1.23578527e-01,3.18785225e-02,1.15710924e-01,1.00100103e+00,1.36049975e-01,5.92822155e-08,1.43470598e+00,False,False,False,False,False,False,False,False
6.90000000e+02,6.16655560e-02,9.37334444e-01,1.99812433e+00,1.87466983e+00,1.23454505e-01,3.18455118e-02,1.15602438e-01,1.00100103e+00,1.35899825e-01,5.97149303e-08,1.43443195e+00,False,False,False,False,False,False,False,False
6.95000000e+02,6.16042030e-02,9.37395797e-01,1.99812421e+00,1.87479253e+00,1.23331676e-01,3.18128207e-02,1.15494980e-01,1.00100103e+00,1.35751149e-01,6.01476451e-08,1.43416049e+00,False,False,False,False,False,False,False,False
7.00000000e+02,6.15427990e-02,9.37457201e-01,1.99812409e+00,1.87491534e+00,1.23208745e-01,3.17801046e-02,1.15387419e-01,1.00100103e+00,1.35602379e-01,6.05803599e-08,1.43388874e+00,False,False,False,False,False,False,False,False
7.05000000e+02,6.14806940e-02,9.37519306e-01,1.99812396e+00,1.87503955e+00,1.23084411e-01,3.17470170e-02,1.15278614e-01,1.00100103e+00,1.35451940e-01,6.10130746e-08,1.43361383e+00,False,False,False,False,False,False,False,False
7.10000000e+02,6.14172390e-02,9.37582761e-01,1.99812383e+00,1.87516646e+00,1.22957374e-01,3.17132124e-02,1.15167428e-01,1.00100103e+00,1.35298262e-01,6.14457892e-08,1.43333288e+00,False,False,False,False,False,False,False,False
7.15000000e+02,6.13517860e-02,9.37648214e-01,1.99812370e+00,1.87529737e+00,1.22826337e-01,3.16783458e-02,1.15052724e-01,1.00100103e+00,1.35139777e-01,6.18785037e-08,1.43304301e+00,False,False,False,False,False,False,False,False
7.20000000e+02,6.12836850e-02,9.37716315e-01,1.99812357e+00,1.87543357e+00,1.22689999e-01,3.16420710e-02,1.14933361e-01,1.00100103e+00,1.34974916e-01,6.23112181e-08,1.43274134e+00,False,False,False,False,False,False,False,False
7.25000000e+02,6.12122870e-02,9.37787713e-01,1.99812342e+00,1.87557636e+00,1.22547060e-01,3.16040428e-02,1.14808200e-01,1.00100103e+00,1.34802112e-01,6.27439323e-08,1.43242498e+00,False,False,False,False,False,False,False,False
7.30000000e+02,6.11369440e-02,9.37863056e-01,1.99812327e+00,1.87572705e+00,1.22396223e-01,3.15639165e-02,1.14676101e-01,1.00100103e+00,1.34619803e-01,6.31766464e-08,1.43209105e+00,False,False,False,False,False,False,False,False
7.35000000e+02,6.10570070e-02,9.37942993e-01,1.99812311e+00,1.87588692e+00,1.22236189e-01,3.15213468e-02,1.14535923e-01,1.00100103e+00,1.34426426e-01,6.36093603e-08,1.43173666e+00,False,False,False,False,False,False,False,False
7.40000000e+02,6.09718260e-02,9.38028174e-01,1.99812294e+00,1.87605729e+00,1.22065657e-01,3.14759884e-02,1.14386520e-01,1.00100103e+00,1.34220417e-01,6.40420739e-08,1.43135890e+00,False,False,False,False,False,False,False,False
7.45000000e+02,6.08807530e-02,9.38119247e-01,1.99812276e+00,1.87623943e+00,1.21883328e-01,3.14274969e-02,1.14226751e-01,1.00100103e+00,1.34000220e-01,6.44747873e-08,1.43095487e+00,False,False,False,False,False,False,False,False
7.50000000e+02,6.07831400e-02,9.38216860e-01,1.99812257e+00,1.87643466e+00,1.21687907e-01,3.13755283e-02,1.14055473e-01,1.00100103e+00,1.33764283e-01,6.49075004e-08,1.43052168e+00,False,False,False,False,False,False,False,False
7.55000000e+02,6.06783360e-02,9.38321664e-01,1.99812236e+00,1.87664427e+00,1.21478089e-01,3.13197371e-02,1.13871534e-01,1.00100103e+00,1.33511046e-01,6.53402132e-08,1.43005639e+00,False,False,False,False,False,False,False,False
7.60000000e+02,6.05635520e-02,9.38436448e-01,1.99812213e+00,1.87687384e+00,1.21248292e-01,3.12586401e-02,1.13670029e-01,1.00100103e+00,1.33233791e-01,6.57729255e-08,1.42954658e+00,False,False,False,False,False,False,False,False
7.65000000e+02,6.03976910e-02,9.38602309e-01,1.99812180e+00,1.87720556e+00,1.20916238e-01,3.11703686e-02,1.13378764e-01,1.00100103e+00,1.32833343e-01,6.62056359e-08,1.42880953e+00,False,False,False,False,False,False,False,False
7.70000000e+02,6.01807770e-02,9.38819223e-01,1.99812136e+00,1.87763939e+00,1.20481976e-01,3.10549494e-02,1.12997680e-01,1.00100103e+00,1.32309955e-01,6.66383443e-08,1.42784489e+00,False,False,False,False,False,False,False,False
7.75000000e+02,5.99334220e-02,9.39066578e-01,1.99812087e+00,1.87813410e+00,1.19986771e-01,3.09233642e-02,1.12562887e-01,1.00100103e+00,1.31713558e-01,6.70710514e-08,1.42674389e+00,False,False,False,False,False,False,False,False
7.80000000e+02,5.96762400e-02,9.39323760e-01,1.99812035e+00,1.87864846e+00,1.19471892e-01,3.07865869e-02,1.12110561e-01,1.00100103e+00,1.31093967e-01,6.75037580e-08,1.42559802e+00,False,False,False,False,False,False,False,False
7.85000000e+02,5.94298450e-02,9.39570155e-01,1.99811986e+00,1.87914125e+00,1.18978609e-01,3.06555805e-02,1.11676958e-01,1.00100103e+00,1.30500840e-01,6.79364650e-08,1.42449913e+00,False,False,False,False,False,False,False,False
7.90000000e+02,5.92148510e-02,9.39785149e-01,1.99811943e+00,1.87957124e+00,1.18548191e-01,3.05412969e-02,1.11298416e-01,1.00100103e+00,1.29983683e-01,6.83691730e-08,1.42353941e+00,False,False,False,False,False,False,False,False
7.95000000e+02,5.90518710e-02,9.39948129e-01,1.99811910e+00,1.87989720e+00,1.18221905e-01,3.04546791e-02,1.11011332e-01,1.00100103e+00,1.29591880e-01,6.88018829e-08,1.42281132e+00,False,False,False,False,False,False,False,False
8.00000000e+02,5.89615190e-02,9.40038481e-01,1.99811892e+00,1.88007790e+00,1.18041020e-01,3.04066666e-02,1.10852135e-01,1.00100103e+00,1.29374762e-01,6.92345956e-08,1.42240749e+00,False,False,False,False,False,False,False,False
8.05000000e+02,5.89578860e-02,9.40042114e-01,1.99811892e+00,1.88008517e+00,1.18033747e-01,3.04047362e-02,1.10845733e-01,1.00100103e+00,1.29366033e-01,6.96673117e-08,1.42239124e+00,False,False,False,False,False,False,False,False
8.10000000e+02,5.90160050e-02,9.39983995e-01,1.99811903e+00,1.87996893e+00,1.18150101e-01,3.04356196e-02,1.10948141e-01,1.00100103e+00,1.29505685e-01,7.01000302e-08,1.42265103e+00,False,False,False,False,False,False,False,False
8.15000000e+02,5.91275080e-02,9.39872492e-01,1.99811926e+00,1.87974592e+00,1.18373330e-01,3.04948755e-02,1.11144577e-01,1.00100103e+00,1.29773686e-01,7.05327509e-08,1.42314928e+00,False,False,False,False,False,False,False,False
8.20000000e+02,5.92886640e-02,9.39711336e-01,1.99811958e+00,1.87942361e+00,1.18695965e-01,3.05805306e-02,1.11428400e-01,1.00100103e+00,1.30161196e-01,7.09654737e-08,1.42386900e+00,False,False,False,False,False,False,False,False
8.25000000e+02,5.94957440e-02,9.39504256e-01,1.99811999e+00,1.87900945e+00,1.19110539e-01,3.06906152e-02,1.11792950e-01,1.00100103e+00,1.30659427e-01,7.13981983e-08,1.42479314e+00,False,False,False,False,False,False,False,False
8.30000000e+02,5.97450160e-02,9.39254984e-01,1.99812049e+00,1.87851091e+00,1.19609582e-01,3.08231606e-02,1.12231548e-01,1.00100103e+00,1.31259609e-01,7.18309248e-08,1.42590457e+00,False,False,False,False,False,False,False,False
8.35000000e+02,6.00327500e-02,9.38967250e-01,1.99812107e+00,1.87793544e+00,1.20185626e-01,3.09761996e-02,1.12737512e-01,1.00100103e+00,1.31952991e-01,7.22636530e-08,1.42718614e+00,False,False,False,False,False,False,False,False
8.40000000e+02,6.03552150e-02,9.38644785e-01,1.99812171e+00,1.87729051e+00,1.20831201e-01,3.11477652e-02,1.13304155e-01,1.00100103e+00,1.32730825e-01,7.26963828e-08,1.42862070e+00,False,False,False,False,False,False,False,False
8.45000000e+02,6.07086810e-02,9.38291319e-01,1.99812242e+00,1.87658358e+00,1.21538840e-01,3.13358903e-02,1.13924796e-01,1.00100103e+00,1.33584359e-01,7.31291140e-08,1.43019113e+00,False,False,False,False,False,False,False,False
8.50000000e+02,6.10894180e-02,9.37910582e-01,1.99812318e+00,1.87582210e+00,1.22301076e-01,3.15386065e-02,1.14592762e-01,1.00100103e+00,1.34504826e-01,7.35618466e-08,1.43188036e+00,False,False,False,False,False,False,False,False
8.55000000e+02,6.14936940e-02,9.37506306e-01,1.99812399e+00,1.87501355e+00,1.23110437e-01,3.17539428e-02,1.15301390e-01,1.00100103e+00,1.35483428e-01,7.39945803e-08,1.43367138e+00,False,False,False,False,False,False,False,False
8.60000000e+02,6.19177800e-02,9.37082220e-01,1.99812484e+00,1.87416538e+00,1.23959457e-01,3.19799274e-02,1.16044040e-01,1.00100103e+00,1.36511343e-01,7.44273151e-08,1.43554727e+00,False,False,False,False,False,False,False,False
8.65000000e+02,6.23579440e-02,9.36642056e-01,1.99812572e+00,1.87328505e+00,1.24840666e-01,3.22145842e-02,1.16814083e-01,1.00100103e+00,1.37579705e-01,7.48600508e-08,1.43749120e+00,False,False,False,False,False,False,False,False
8.70000000e+02,6.28104570e-02,9.36189543e-01,1.99812662e+00,1.87238002e+00,1.25746598e-01,3.24559355e-02,1.17604923e-01,1.00100103e+00,1.38679612e-01,7.52927873e-08,1.43948643e+00,False,False,False,False,False,False,False,False
8.75000000e+02,6.32715870e-02,9.35728413e-01,1.99812754e+00,1.87145776e+00,1.26669780e-01,3.27019988e-02,1.18409980e-01,1.00100103e+00,1.39802104e-01,7.57255244e-08,1.44151634e+00,False,False,False,False,False,False,False,False
8.80000000e+02,6.37376050e-02,9.35262395e-01,1.99812848e+00,1.87052573e+00,1.27602749e-01,3.29507894e-02,1.19222706e-01,1.00100104e+00,1.40938182e-01,7.61582619e-08,1.44356442e+00,False,False,False,False,False,False,False,False
8.85000000e+02,6.42047790e-02,9.34795221e-01,1.99812941e+00,1.86959138e+00,1.28538032e-01,3.32003175e-02,1.20036577e-01,1.00100104e+00,1.42078783e-01,7.65909998e-08,1.44561426e+00,False,False,False,False,False,False,False,False
8.90000000e+02,6.46693790e-02,9.34330621e-01,1.99813034e+00,1.86866218e+00,1.29468161e-01,3.34485901e-02,1.20845097e-01,1.00100104e+00,1.43214797e-01,7.70237378e-08,1.44764954e+00,False,False,False,False,False,False,False,False
8.95000000e+02,6.51276750e-02,9.33872325e-01,1.99813126e+00,1.86774558e+00,1.30385670e-01,3.36936109e-02,1.21641801e-01,1.00100104e+00,1.44337057e-01,7.74564757e-08,1.44965408e+00,False,False,False,False,False,False,False,False
9.00000000e+02,6.55759360e-02,9.33424064e-01,1.99813215e+00,1.86684906e+00,1.31283089e-01,3.39333789e-02,1.22420248e-01,1.00100104e+00,1.45436342e-01,7.78892135e-08,1.45161177e+00,False,False,False,False,False,False,False,False
9.05000000e+02,6.60104310e-02,9.32989569e-01,1.99813302e+00,1.86598007e+00,1.32152949e-01,3.41658898e-02,1.23174021e-01,1.00100104e+00,1.46503381e-01,7.83219509e-08,1.45350658e+00,False,False,False,False,False,False,False,False
9.10000000e+02,6.64274310e-02,9.32572569e-01,1.99813385e+00,1.86514607e+00,1.32987783e-01,3.43891368e-02,1.23896734e-01,1.00100104e+00,1.47528858e-01,7.87546877e-08,1.45532259e+00,False,False,False,False,False,False,False,False
9.15000000e+02,6.68232030e-02,9.32176797e-01,1.99813465e+00,1.86435453e+00,1.33780119e-01,3.46011082e-02,1.24582012e-01,1.00100104e+00,1.48503404e-01,7.91874238e-08,1.45704390e+00,False,False,False,False,False,False,False,False
9.20000000e+02,6.71398390e-02,9.31860161e-01,1.99813528e+00,1.86372125e+00,1.34414025e-01,3.47707577e-02,1.25129815e-01,1.00100104e+00,1.49283980e-01,7.96201564e-08,1.45841948e+00,False,False,False,False,False,False,False,False
9.25000000e+02,6.71972810e-02,9.31802719e-01,1.99813539e+00,1.86360637e+00,1.34529024e-01,3.48015404e-02,1.25229151e-01,1.00100104e+00,1.49425672e-01,8.00528773e-08,1.45866888e+00,False,False,False,False,False,False,False,False
9.30000000e+02,6.70845010e-02,9.31915499e-01,1.99813517e+00,1.86383193e+00,1.34303238e-01,3.47411043e-02,1.25034105e-01,1.00100104e+00,1.49147503e-01,8.04855904e-08,1.45817917e+00,False,False,False,False,False,False,False,False
9.35000000e+02,6.69191420e-02,9.32080858e-01,1.99813484e+00,1.86416265e+00,1.33972189e-01,3.46525053e-02,1.24748036e-01,1.00100104e+00,1.48739830e-01,8.09183009e-08,1.45746084e+00,False,False,False,False,False,False,False,False
9.40000000e+02,6.68188460e-02,9.32181154e-01,1.99813464e+00,1.86436324e+00,1.33771397e-01,3.45987742e-02,1.24574471e-01,1.00100104e+00,1.48492669e-01,8.13510144e-08,1.45702497e+00,False,False,False,False,False,False,False,False
9.45000000e+02,6.68981720e-02,9.32101828e-01,1.99813480e+00,1.86420459e+00,1.33930207e-01,3.46412707e-02,1.24711750e-01,1.00100104e+00,1.48688147e-01,8.17837363e-08,1.45736972e+00,False,False,False,False,False,False,False,False
9.50000000e+02,6.70409040e-02,9.31959096e-01,1.99813508e+00,1.86391912e+00,1.34215957e-01,3.47177437e-02,1.24958694e-01,1.00100104e+00,1.49039998e-01,8.22164612e-08,1.45798982e+00,False,False,False,False,False,False,False,False
9.55000000e+02,6.71325650e-02,9.31867435e-01,1.99813527e+00,1.86373580e+00,1.34399462e-01,3.47668598e-02,1.25117235e-01,1.00100104e+00,1.49266039e-01,8.26491838e-08,1.45838790e+00,False,False,False,False,False,False,False,False
9.60000000e+02,6.71694250e-02,9.31830575e-01,1.99813534e+00,1.86366208e+00,1.34473256e-01,3.47866124e-02,1.25180981e-01,1.00100104e+00,1.49356957e-01,8.30819038e-08,1.45854794e+00,False,False,False,False,False,False,False,False
9.65000000e+02,6.71700000e-02,9.31830000e-01,1.99813534e+00,1.86366093e+00,1.34474407e-01,3.47869205e-02,1.25181975e-01,1.00100104e+00,1.49358375e-01,8.35146221e-08,1.45855044e+00,False,False,False,False,False,False,False,False
9.70000000e+02,6.71700000e-02,9.31830000e-01,1.99813534e+00,1.86366093e+00,1.34474407e-01,3.47869205e-02,1.25181975e-01,1.00100104e+00,1.49358375e-01,8.39473403e-08,1.45855044e+00,False,False,False,False,False,False,False,False
9.75000000e+02,6.71700000e-02,9.31830000e-01,1.99813534e+00,1.86366093e+00,1.34474407e-01,3.47869205e-02,1.25181975e-01,1.00100104e+00,1.49358375e-01,8.43800586e-08,1.45855044e+00,False,False,False,False,False,False,False,False
9.80000000e+02,6.71700000e-02,9.31830000e-01,1.99813534e+00,1.86366093e+00,1.34474407e-01,3.47869205e-02,1.25181975e-01,1.00100104e+00,1.49358375e-01,8.48127768e-08,1.45855044e+00,False,False,False,False,False,False,False,False
9.85000000e+02,6.71700000e-02,9.31830000e-01,1.99813534e+00,1.86366093e+00,1.34474407e-01,3.47869205e-02,1.25181975e-01,1.00100104e+00,1.49358375e-01,8.52454951e-08,1.45855044e+00,False,False,False,False,False,False,False,False
9.90000000e+02,6.71700000e-02,9.31830000e-01,1.99813534e+00,1.86366093e+00,1.34474407e-01,3.47869205e-02,1.25181975e-01,1.00100104e+00,1.49358375e-01,8.56782133e-08,1.45855044e+00,False,False,False,False,False,False,False,False
9.95000000e+02,6.71700000e-02,9.31830000e-01,1.99813534e+00,1.86366093e+00,1.34474407e-01,3.47869205e-02,1.25181975e-01,1.00100104e+00,1.49358375e-01,8.61109316e-08,1.45855044e+00,False,False,False,False,False,False,False,False
1.00000000e+03,6.71700000e-02,9.31830000e-01,1.99813534e+00,1.86366093e+00,1.34474407e-01,3.47869205e-02,1.25181975e-01,1.00100104e+00,1.49358375e-01,8.65436498e-08,1.45855044e+00,False,False,False,False,False,False,False,False
1.00500000e+03,6.71700000e-02,9.31830000e-01,1.99813534e+00,1.86366093e+00,1.34474407e-01,3.47869205e-02,1.25181975e-01,1.00100104e+00,1.49358375e-01,8.69763681e-08,1.45855044e+00,False,False,False,False,False,False,False,False
1.01000000e+03,6.71700000e-02,9.31830000e-01,1.99813534e+00,1.86366093e+00,1.34474407e-01,3.47869205e-02,1.25181975e-01,1.00100104e+00,1.49358375e-01,8.74090863e-08,1.45855044e+00,False,False,False,False,False,False,False,False
1.01500000e+03,6.71700000e-02,9.31830000e-01,1.99813534e+00,1.86366093e+00,1.34474407e-01,3.47869205e-02,1.25181975e-01,1.00100104e+00,1.49358375e-01,8.78418046e-08,1.45855044e+00,False,False,False,False,False,False,False,False
1.02000000e+03,6.71700000e-02,9.31830000e-01,1.99813534e+00,1.86366093e+00,1.34474407e-01,3.47869205e-02,1.25181975e-01,1.00100104e+00,1.49358375e-01,8.82745228e-08,1.45855044e+00,False,False,False,False,False,False,False,False
1.02500000e+03,6.71700000e-02,9.31830000e-01,1.99813534e+00,1.86366093e+00,1.34474407e-01,3.47869205e-02,1.25181975e-01,1.00100104e+00,1.49358375e-01,8.87072411e-08,1.45855044e+00,False,False,False,False,False,False,False,False
1.03000000e+03,6.71700000e-02,9.31830000e-01,1.99813534e+00,1.86366093e+00,1.34474407e-01,3.47869205e-02,1.25181975e-01,1.00100104e+00,1.49358375e-01,8.91399593e-08,1.45855044e+00,False,False,False,False,False,False,False,False
1.03500000e+03,6.71700000e-02,9.31830000e-01,1.99813534e+00,1.86366093e+00,1.34474407e-01,3.47869205e-02,1.25181975e-01,1.00100104e+00,1.49358375e-01,8.95726776e-08,1.45855044e+00,False,False,False,False,False,False,False,False
1.04000000e+03,6.71620800e-02,9.31837920e-01,1.99813532e+00,1.86367677e+00,1.34458551e-01,3.47826763e-02,1.25168279e-01,1.00100104e+00,1.49338839e-01,9.00053954e-08,1.45851605e+00,False,False,False,False,False,False,False,False
1.04500000e+03,6.71136200e-02,9.31886380e-01,1.99813523e+00,1.86377369e+00,1.34361534e-01,3.47567078e-02,1.25084470e-01,1.00100104e+00,1.49219314e-01,9.04381111e-08,1.45830563e+00,False,False,False,False,False,False,False,False
1.05000000e+03,6.70270440e-02,9.31972956e-01,1.99813505e+00,1.86394684e+00,1.34188209e-01,3.47103173e-02,1.24934718e-01,1.00100104e+00,1.49005825e-01,9.08708248e-08,1.45792962e+00,False,False,False,False,False,False,False,False
1.05500000e+03,6.69092580e-02,9.32090742e-01,1.99813482e+00,1.86418242e+00,1.33952401e-01,3.46472099e-02,1.24730933e-01,1.00100104e+00,1.48715469e-01,9.13035369e-08,1.45741789e+00,False,False,False,False,False,False,False,False
1.06000000e+03,6.67671650e-02,9.32232835e-01,1.99813453e+00,1.86446660e+00,1.33667931e-01,3.45710896e-02,1.24485020e-01,1.00100104e+00,1.48365341e-01,9.17362475e-08,1.45680031e+00,False,False,False,False,False,False,False,False
1.06500000e+03,6.66076730e-02,9.32392327e-01,1.99813422e+00,1.86478559e+00,1.33348628e-01,3.44856618e-02,1.24208900e-01,1.00100104e+00,1.47972531e-01,9.21689572e-08,1.45610678e+00,False,False,False,False,False,False,False,False
1.07000000e+03,6.64376870e-02,9.32562313e-01,1.99813388e+00,1.86512556e+00,1.33008316e-01,3.43946287e-02,1.23914500e-01,1.00100104e+00,1.47554097e-01,9.26016663e-08,1.45536722e+00,False,False,False,False,False,False,False,False
1.07500000e+03,6.62641120e-02,9.32735888e-01,1.99813353e+00,1.86547271e+00,1.32660818e-01,3.43016901e-02,1.23613764e-01,1.00100104e+00,1.47127064e-01,9.30343751e-08,1.45461164e+00,False,False,False,False,False,False,False,False
1.08000000e+03,6.60938540e-02,9.32906146e-01,1.99813319e+00,1.86581323e+00,1.32319962e-01,3.42105438e-02,1.23318659e-01,1.00100104e+00,1.46708423e-01,9.34670840e-08,1.45387008e+00,False,False,False,False,False,False,False,False
1.08500000e+03,6.59338200e-02,9.33066180e-01,1.99813287e+00,1.86613329e+00,1.31999574e-01,3.41248854e-02,1.23041169e-01,1.00100104e+00,1.46315131e-01,9.38997933e-08,1.45317268e+00,False,False,False,False,False,False,False,False
1.09000000e+03,6.57909130e-02,9.33209087e-01,1.99813258e+00,1.86641911e+00,1.31713474e-01,3.40484063e-02,1.22793290e-01,1.00100104e+00,1.45964100e-01,9.43325035e-08,1.45254961e+00,False,False,False,False,False,False,False,False
1.09500000e+03,6.56720410e-02,9.33327959e-01,1.99813234e+00,1.86665685e+00,1.31475492e-01,3.39847985e-02,1.22587038e-01,1.00100104e+00,1.45672230e-01,9.47652150e-08,1.45203111e+00,False,False,False,False,False,False,False,False
1.10000000e+03,6.55841080e-02,9.33415892e-01,1.99813217e+00,1.86683272e+00,1.31299450e-01,3.39377510e-02,1.22434432e-01,1.00100104e+00,1.45456398e-01,9.51979281e-08,1.45164743e+00,False,False,False,False,False,False,False,False
1.10500000e+03,6.55340200e-02,9.33465980e-01,1.99813207e+00,1.86693289e+00,1.31199174e-01,3.39109540e-02,1.22347491e-01,1.00100104e+00,1.45333483e-01,9.56306432e-08,1.45142883e+00,False,False,False,False,False,False,False,False
1.11000000e+03,6.55270870e-02,9.33472913e-01,1.99813205e+00,1.86694676e+00,1.31185294e-01,3.39072449e-02,1.22335456e-01,1.00100104e+00,1.45316472e-01,9.60633606e-08,1.45139857e+00,False,False,False,False,False,False,False,False
1.11500000e+03,6.55510900e-02,9.33448910e-01,1.99813210e+00,1.86689875e+00,1.31233348e-01,3.39200862e-02,1.22377121e-01,1.00100104e+00,1.45375370e-01,9.64960798e-08,1.45150333e+00,False,False,False,False,False,False,False,False
1.12000000e+03,6.55994750e-02,9.33400525e-01,1.99813220e+00,1.86680198e+00,1.31330215e-01,3.39459726e-02,1.22461103e-01,1.00100104e+00,1.45494112e-01,9.69288003e-08,1.45171449e+00,False,False,False,False,False,False,False,False
1.12500000e+03,6.56691520e-02,9.33330848e-01,1.99813234e+00,1.86666263e+00,1.31469708e-01,3.39832527e-02,1.22582025e-01,1.00100104e+00,1.45665138e-01,9.73615221e-08,1.45201851e+00,False,False,False,False,False,False,False,False
1.13000000e+03,6.57570340e-02,9.33242966e-01,1.99813251e+00,1.86648687e+00,1.31645648e-01,3.40302770e-02,1.22734513e-01,1.00100104e+00,1.45880904e-01,9.77942449e-08,1.45240186e+00,False,False,False,False,False,False,False,False
1.13500000e+03,6.58600330e-02,9.33139967e-01,1.99813272e+00,1.86628087e+00,1.31851852e-01,3.40853956e-02,1.22913192e-01,1.00100104e+00,1.46133863e-01,9.82269686e-08,1.45285101e+00,False,False,False,False,False,False,False,False
1.14000000e+03,6.59750600e-02,9.33024940e-01,1.99813295e+00,1.86605081e+00,1.32082136e-01,3.41469578e-02,1.23112687e-01,1.00100104e+00,1.46416461e-01,9.86596930e-08,1.45335243e+00,False,False,False,False,False,False,False,False
1.14500000e+03,6.60990280e-02,9.32900972e-01,1.99813320e+00,1.86580288e+00,1.32330320e-01,3.42133134e-02,1.23327629e-01,1.00100104e+00,1.46721142e-01,9.90924180e-08,1.45389262e+00,False,False,False,False,False,False,False,False
1.15000000e+03,6.62288490e-02,9.32771151e-01,1.99813346e+00,1.86554324e+00,1.32590222e-01,3.42828110e-02,1.23552653e-01,1.00100104e+00,1.47040338e-01,9.95251434e-08,1.45445808e+00,False,False,False,False,False,False,False,False
1.15500000e+03,6.63614340e-02,9.32638566e-01,1.99813372e+00,1.86527807e+00,1.32855657e-01,3.43537980e-02,1.23782399e-01,1.00100104e+00,1.47366468e-01,9.99578691e-08,1.45503534e+00,False,False,False,False,False,False,False,False
1.16000000e+03,6.64936950e-02,9.32506305e-01,1.99813399e+00,1.86501354e+00,1.33120444e-01,3.44246211e-02,1.24011513e-01,1.00100104e+00,1.47691940e-01,1.00390595e-07,1.45561094e+00,False,False,False,False,False,False,False,False
1.16500000e+03,6.66225440e-02,9.32377456e-01,1.99813425e+00,1.86475585e+00,1.33378400e-01,3.44936265e-02,1.24234650e-01,1.00100104e+00,1.48009148e-01,1.00823320e-07,1.45617146e+00,False,False,False,False,False,False,False,False
1.17000000e+03,6.67448940e-02,9.32255106e-01,1.99813449e+00,1.86451115e+00,1.33623345e-01,3.45591599e-02,1.24446470e-01,1.00100104e+00,1.48310478e-01,1.01256046e-07,1.45670349e+00,False,False,False,False,False,False,False,False
1.17500000e+03,6.68576560e-02,9.32142344e-01,1.99813472e+00,1.86428562e+00,1.33849094e-01,3.46195650e-02,1.24641637e-01,1.00100104e+00,1.48588300e-01,1.01688770e-07,1.45719365e+00,False,False,False,False,False,False,False,False
1.18000000e+03,6.69577420e-02,9.32042258e-01,1.99813492e+00,1.86408545e+00,1.34049466e-01,3.46731857e-02,1.24814823e-01,1.00100104e+00,1.48834974e-01,1.02121494e-07,1.45762856e+00,False,False,False,False,False,False,False,False
1.18500000e+03,6.70420640e-02,9.31957936e-01,1.99813508e+00,1.86391680e+00,1.34218279e-01,3.47183652e-02,1.24960700e-01,1.00100104e+00,1.49042859e-01,1.02554217e-07,1.45799486e+00,False,False,False,False,False,False,False,False
1.19000000e+03,6.71075340e-02,9.31892466e-01,1.99813522e+00,1.86378586e+00,1.34349350e-01,3.47534466e-02,1.25073944e-01,1.00100104e+00,1.49204305e-01,1.02986940e-07,1.45827920e+00,False,False,False,False,False,False,False,False
1.19500000e+03,6.71510640e-02,9.31848936e-01,1.99813530e+00,1.86369880e+00,1.34436497e-01,3.47767730e-02,1.25149228e-01,1.00100104e+00,1.49311667e-01,1.03419660e-07,1.45846822e+00,False,False,False,False,False,False,False,False
1.20000000e+03,6.71695660e-02,9.31830434e-01,1.99813534e+00,1.86366180e+00,1.34473538e-01,3.47866879e-02,1.25181225e-01,1.00100104e+00,1.49357304e-01,1.03852380e-07,1.45854856e+00,False,False,False,False,False,False,False,False
1.20500000e+03,6.71690960e-02,9.31830904e-01,1.99813534e+00,1.86366274e+00,1.34472597e-01,3.47864361e-02,1.25180412e-01,1.00100104e+00,1.49356145e-01,1.04285098e-07,1.45854652e+00,False,False,False,False,False,False,False,False
1.21000000e+03,6.71656230e-02,9.31834377e-01,1.99813533e+00,1.86366969e+00,1.34465644e-01,3.47845749e-02,1.25174406e-01,1.00100104e+00,1.49347578e-01,1.04717816e-07,1.45853144e+00,False,False,False,False,False,False,False,False
1.21500000e+03,6.71596230e-02,9.31840377e-01,1.99813532e+00,1.86368169e+00,1.34453632e-01,3.47813596e-02,1.25164030e-01,1.00100104e+00,1.49332778e-01,1.05150534e-07,1.45850539e+00,False,False,False,False,False,False,False,False
1.22000000e+03,6.71511770e-02,9.31848823e-01,1.99813530e+00,1.86369858e+00,1.34436724e-01,3.47768335e-02,1.25149423e-01,1.00100104e+00,1.49311945e-01,1.05583252e-07,1.45846871e+00,False,False,False,False,False,False,False,False
1.22500000e+03,6.71403670e-02,9.31859633e-01,1.99813528e+00,1.86372020e+00,1.34415082e-01,3.47710407e-02,1.25130728e-01,1.00100104e+00,1.49285282e-01,1.06015969e-07,1.45842178e+00,False,False,False,False,False,False,False,False
1.23000000e+03,6.71272760e-02,9.31872724e-01,1.99813525e+00,1.86374638e+00,1.34388874e-01,3.47640256e-02,1.25108088e-01,1.00100104e+00,1.49252994e-01,1.06448687e-07,1.45836493e+00,False,False,False,False,False,False,False,False
1.23500000e+03,6.71119850e-02,9.31888015e-01,1.99813522e+00,1.86377696e+00,1.34358261e-01,3.47558317e-02,1.25081642e-01,1.00100104e+00,1.49215282e-01,1.06881404e-07,1.45829853e+00,False,False,False,False,False,False,False,False
1.24000000e+03,6.70945770e-02,9.31905423e-01,1.99813519e+00,1.86381178e+00,1.34323410e-01,3.47465035e-02,1.25051533e-01,1.00100104e+00,1.49172351e-01,1.07314121e-07,1.45822293e+00,False,False,False,False,False,False,False,False
1.24500000e+03,6.70751330e-02,9.31924867e-01,1.99813515e+00,1.86385067e+00,1.34284483e-01,3.47360846e-02,1.25017902e-01,1.00100104e+00,1.49124401e-01,1.07746838e-07,1.45813849e+00,False,False,False,False,False,False,False,False
1.25000000e+03,6.70537360e-02,9.31946264e-01,1.99813511e+00,1.86389346e+00,1.34241647e-01,3.47246194e-02,1.24980890e-01,1.00100104e+00,1.49071639e-01,1.08179555e-07,1.45804556e+00,False,False,False,False,False,False,False,False
1.25500000e+03,6.70304670e-02,9.31969533e-01,1.99813506e+00,1.86394000e+00,1.34195062e-01,3.47121513e-02,1.24940639e-01,1.00100104e+00,1.49014265e-01,1.08612272e-07,1.45794449e+00,False,False,False,False,False,False,False,False
1.26000000e+03,6.70054080e-02,9.31994592e-01,1.99813501e+00,1.86399012e+00,1.34144894e-01,3.46987246e-02,1.24897289e-01,1.00100104e+00,1.48952481e-01,1.09044988e-07,1.45783563e+00,False,False,False,False,False,False,False,False
1.26500000e+03,6.69786420e-02,9.32021358e-01,1.99813496e+00,1.86404365e+00,1.34091308e-01,3.46843835e-02,1.24850983e-01,1.00100104e+00,1.48886495e-01,1.09477705e-07,1.45771936e+00,False,False,False,False,False,False,False,False
1.27000000e+03,6.69502510e-02,9.32049749e-01,1.99813490e+00,1.86410043e+00,1.34034469e-01,3.46691723e-02,1.24801862e-01,1.00100104e+00,1.48816509e-01,1.09910421e-07,1.45759601e+00,False,False,False,False,False,False,False,False
1.27500000e+03,6.69203160e-02,9.32079684e-01,1.99813484e+00,1.86416030e+00,1.33974540e-01,3.46531342e-02,1.24750067e-01,1.00100104e+00,1.48742724e-01,1.10343138e-07,1.45746594e+00,False,False,False,False,False,False,False,False
1.28000000e+03,6.68889190e-02,9.32111081e-01,1.99813478e+00,1.86422310e+00,1.33911683e-01,3.46363135e-02,1.24695738e-01,1.00100104e+00,1.48665343e-01,1.10775854e-07,1.45732951e+00,False,False,False,False,False,False,False,False
1.28500000e+03,6.68561430e-02,9.32143857e-01,1.99813471e+00,1.86428865e+00,1.33846065e-01,3.46187545e-02,1.24639019e-01,1.00100104e+00,1.48584571e-01,1.11208570e-07,1.45718707e+00,False,False,False,False,False,False,False,False
1.29000000e+03,6.68220690e-02,9.32177931e-01,1.99813464e+00,1.86435680e+00,1.33777849e-01,3.46005008e-02,1.24580049e-01,1.00100104e+00,1.48500610e-01,1.11641286e-07,1.45703898e+00,False,False,False,False,False,False,False,False
1.29500000e+03,6.67867800e-02,9.32213220e-01,1.99813457e+00,1.86442737e+00,1.33707200e-01,3.45815968e-02,1.24518972e-01,1.00100104e+00,1.48413664e-01,1.12074002e-07,1.45688558e+00,False,False,False,False,False,False,False,False
1.30000000e+03,6.67503570e-02,9.32249643e-01,1.99813450e+00,1.86450022e+00,1.33634281e-01,3.45620862e-02,1.24455926e-01,1.00100104e+00,1.48323935e-01,1.12506718e-07,1.45672724e+00,False,False,False,False,False,False,False,False
1.30500000e+03,6.67128820e-02,9.32287118e-01,1.99813443e+00,1.86457517e+00,1.33559256e-01,3.45420127e-02,1.24391054e-01,1.00100104e+00,1.48231626e-01,1.12939433e-07,1.45656431e+00,False,False,False,False,False,False,False,False
1.31000000e+03,6.66744390e-02,9.32325561e-01,1.99813435e+00,1.86465206e+00,1.33482294e-01,3.45214216e-02,1.24324501e-01,1.00100104e+00,1.48136943e-01,1.13372149e-07,1.45639715e+00,False,False,False,False,False,False,False,False
1.31500000e+03,6.66351070e-02,9.32364893e-01,1.99813427e+00,1.86473072e+00,1.33403551e-01,3.45003551e-02,1.24256402e-01,1.00100104e+00,1.48040083e-01,1.13804864e-07,1.45622610e+00,False,False,False,False,False,False,False,False
1.32000000e+03,6.65949700e-02,9.32405030e-01,1.99813419e+00,1.86481099e+00,1.33323197e-01,3.44788584e-02,1.24186903e-01,1.00100104e+00,1.47941253e-01,1.14237580e-07,1.45605153e+00,False,False,False,False,False,False,False,False
1.32500000e+03,6.65541100e-02,9.32445890e-01,1.99813411e+00,1.86489271e+00,1.33241395e-01,3.44569754e-02,1.24116146e-01,1.00100104e+00,1.47840656e-01,1.14670295e-07,1.45587379e+00,False,False,False,False,False,False,False,False
1.33000000e+03,6.65126080e-02,9.32487392e-01,1.99813403e+00,1.86497572e+00,1.33158308e-01,3.44347494e-02,1.24044270e-01,1.00100104e+00,1.47738492e-01,1.15103011e-07,1.45569323e+00,False,False,False,False,False,False,False,False
1.33500000e+03,6.64705460e-02,9.32529454e-01,1.99813394e+00,1.86505984e+00,1.33074100e-01,3.44122246e-02,1.23971417e-01,1.00100104e+00,1.47634964e-01,1.15535726e-07,1.45551021e+00,False,False,False,False,False,False,False,False
1.34000000e+03,6.64280070e-02,9.32571993e-01,1.99813386e+00,1.86514492e+00,1.32988936e-01,3.43894453e-02,1.23897731e-01,1.00100104e+00,1.47530275e-01,1.15968441e-07,1.45532510e+00,False,False,False,False,False,False,False,False
1.34500000e+03,6.63850730e-02,9.32614927e-01,1.99813377e+00,1.86523079e+00,1.32902983e-01,3.43664555e-02,1.23823354e-01,1.00100104e+00,1.47424629e-01,1.16401156e-07,1.45513823e+00,False,False,False,False,False,False,False,False
1.35000000e+03,6.63418250e-02,9.32658175e-01,1.99813368e+00,1.86531728e+00,1.32816400e-01,3.43432985e-02,1.23748425e-01,1.00100104e+00,1.47318226e-01,1.16833872e-07,1.45494998e+00,False,False,False,False,False,False,False,False
1.35500000e+03,6.62983450e-02,9.32701655e-01,1.99813360e+00,1.86540424e+00,1.32729353e-01,3.43200185e-02,1.23673086e-01,1.00100104e+00,1.47211266e-01,1.17266587e-07,1.45476069e+00,False,False,False,False,False,False,False,False
1.36000000e+03,6.62547160e-02,9.32745284e-01,1.99813351e+00,1.86549150e+00,1.32642008e-01,3.42966596e-02,1.23597482e-01,1.00100104e+00,1.47103954e-01,1.17699302e-07,1.45457072e+00,False,False,False,False,False,False,False,False
1.36500000e+03,6.62110200e-02,9.32788980e-01,1.99813342e+00,1.86557889e+00,1.32554528e-01,3.42732660e-02,1.23521753e-01,1.00100104e+00,1.46996493e-01,1.18132017e-07,1.45438044e+00,False,False,False,False,False,False,False,False
1.37000000e+03,6.61673380e-02,9.32832662e-01,1.99813333e+00,1.86566626e+00,1.32467077e-01,3.42498809e-02,1.23446042e-01,1.00100104e+00,1.46889082e-01,1.18564732e-07,1.45419019e+00,False,False,False,False,False,False,False,False
1.37500000e+03,6.61237520e-02,9.32876248e-01,1.99813325e+00,1.86575343e+00,1.32379818e-01,3.42265483e-02,1.23370489e-01,1.00100104e+00,1.46781922e-01,1.18997447e-07,1.45400033e+00,False,False,False,False,False,False,False,False
1.38000000e+03,6.60803450e-02,9.32919655e-01,1.99813316e+00,1.86584024e+00,1.32292917e-01,3.42033125e-02,1.23295239e-01,1.00100104e+00,1.46675216e-01,1.19430162e-07,1.45381122e+00,False,False,False,False,False,False,False,False
1.38500000e+03,6.60371990e-02,9.32962801e-01,1.99813307e+00,1.86592654e+00,1.32206538e-01,3.41802175e-02,1.23220434e-01,1.00100104e+00,1.46569167e-01,1.19862877e-07,1.45362323e+00,False,False,False,False,False,False,False,False
1.39000000e+03,6.59943950e-02,9.33005605e-01,1.99813299e+00,1.86601214e+00,1.32120845e-01,3.41573066e-02,1.23146215e-01,1.00100104e+00,1.46463973e-01,1.20295592e-07,1.45343670e+00,False,False,False,False,False,False,False,False
1.39500000e+03,6.59334450e-02,9.33066555e-01,1.99813287e+00,1.86613404e+00,1.31998823e-01,3.41246847e-02,1.23040519e-01,1.00100104e+00,1.46314209e-01,1.20728306e-07,1.45317105e+00,False,False,False,False,False,False,False,False
1.40000000e+03,6.57913210e-02,9.33208679e-01,1.99813258e+00,1.86641829e+00,1.31714290e-01,3.40486246e-02,1.22793998e-01,1.00100104e+00,1.45965102e-01,1.21161014e-07,1.45255139e+00,False,False,False,False,False,False,False,False
1.40500000e+03,6.55811700e-02,9.33418830e-01,1.99813216e+00,1.86683859e+00,1.31293568e-01,3.39361791e-02,1.22429332e-01,1.00100104e+00,1.45449187e-01,1.21593717e-07,1.45163461e+00,False,False,False,False,False,False,False,False
1.41000000e+03,6.53238870e-02,9.33676113e-01,1.99813165e+00,1.86735316e+00,1.30778487e-01,3.37985480e-02,1.21982640e-01,1.00100104e+00,1.44818039e-01,1.22026417e-07,1.45051135e+00,False,False,False,False,False,False,False,False
1.41500000e+03,6.50403650e-02,9.33959635e-01,1.99813108e+00,1.86792020e+00,1.30210876e-01,3.36469230e-02,1.21490086e-01,1.00100104e+00,1.44123128e-01,1.22459115e-07,1.44927243e+00,False,False,False,False,False,False,False,False
1.42000000e+03,6.47514980e-02,9.34248502e-01,1.99813050e+00,1.86849794e+00,1.29632564e-01,3.34924852e-02,1.20987915e-01,1.00100104e+00,1.43415766e-01,1.22891812e-07,1.44800895e+00,False,False,False,False,False,False,False,False
1.42500000e+03,6.44781790e-02,9.34521821e-01,1.99812996e+00,1.86904458e+00,1.29085379e-01,3.33464024e-02,1.20512466e-01,1.00100104e+00,1.42747080e-01,1.23324510e-07,1.44681234e+00,False,False,False,False,False,False,False,False
1.43000000e+03,6.42413020e-02,9.34758698e-01,1.99812948e+00,1.86951833e+00,1.28611151e-01,3.32198303e-02,1.20100167e-01,1.00100104e+00,1.42168026e-01,1.23757211e-07,1.44577437e+00,False,False,False,False,False,False,False,False
1.43500000e+03,6.40617600e-02,9.34938240e-01,1.99812912e+00,1.86987742e+00,1.28251708e-01,3.31239150e-02,1.19787514e-01,1.00100104e+00,1.41729422e-01,1.24189916e-07,1.44498708e+00,False,False,False,False,False,False,False,False
1.44000000e+03,6.39604480e-02,9.35039552e-01,1.99812892e+00,1.87008004e+00,1.28048881e-01,3.30697998e-02,1.19611033e-01,1.00100104e+00,1.41482038e-01,1.24622626e-07,1.44454261e+00,False,False,False,False,False,False,False,False
1.44500000e+03,6.39246100e-02,9.35075390e-01,1.99812885e+00,1.87015172e+00,1.27977133e-01,3.30506585e-02,1.19548595e-01,1.00100104e+00,1.41394548e-01,1.25055341e-07,1.44438535e+00,False,False,False,False,False,False,False,False
1.45000000e+03,6.38923120e-02,9.35107688e-01,1.99812878e+00,1.87021631e+00,1.27912473e-01,3.30334086e-02,1.19492320e-01,1.00100104e+00,1.41315709e-01,1.25488056e-07,1.44424360e+00,False,False,False,False,False,False,False,False
1.45500000e+03,6.38612850e-02,9.35138715e-01,1.99812872e+00,1.87027837e+00,1.27850356e-01,3.30168380e-02,1.19438256e-01,1.00100104e+00,1.41239980e-01,1.25920772e-07,1.44410742e+00,False,False,False,False,False,False,False,False
1.46000000e+03,6.38310070e-02,9.35168993e-01,1.99812866e+00,1.87033892e+00,1.27789740e-01,3.30006679e-02,1.19385493e-01,1.00100104e+00,1.41166086e-01,1.26353487e-07,1.44397451e+00,False,False,False,False,False,False,False,False
1.46500000e+03,6.38013860e-02,9.35198614e-01,1.99812860e+00,1.87039816e+00,1.27730439e-01,3.29848492e-02,1.19333872e-01,1.00100104e+00,1.41093802e-01,1.26786202e-07,1.44384447e+00,False,False,False,False,False,False,False,False
1.47000000e+03,6.37723890e-02,9.35227611e-01,1.99812854e+00,1.87045616e+00,1.27672387e-01,3.29693642e-02,1.19283334e-01,1.00100104e+00,1.41023048e-01,1.27218917e-07,1.44371716e+00,False,False,False,False,False,False,False,False
1.47500000e+03,6.37439780e-02,9.35256022e-01,1.99812849e+00,1.87051298e+00,1.27615508e-01,3.29541926e-02,1.19233815e-01,1.00100104e+00,1.40953730e-01,1.27651633e-07,1.44359241e+00,False,False,False,False,False,False,False,False
1.48000000e+03,6.37161200e-02,9.35283880e-01,1.99812843e+00,1.87056870e+00,1.27559736e-01,3.29393167e-02,1.19185256e-01,1.00100104e+00,1.40885768e-01,1.28084348e-07,1.44347007e+00,False,False,False,False,False,False,False,False
1.48500000e+03,6.36887780e-02,9.35311222e-01,1.99812838e+00,1.87062338e+00,1.27504997e-01,3.29247168e-02,1.19137594e-01,1.00100104e+00,1.40819070e-01,1.28517063e-07,1.44334999e+00,False,False,False,False,False,False,False,False
1.49000000e+03,6.36619160e-02,9.35338084e-01,1.99812832e+00,1.87067710e+00,1.27451219e-01,3.29103736e-02,1.19090765e-01,1.00100104e+00,1.40753549e-01,1.28949779e-07,1.44323201e+00,False,False,False,False,False,False,False,False
1.49500000e+03,6.36355010e-02,9.35364499e-01,1.99812827e+00,1.87072993e+00,1.27398337e-01,3.28962695e-02,1.19044713e-01,1.00100104e+00,1.40689124e-01,1.29382494e-07,1.44311598e+00,False,False,False,False,False,False,False,False
1.50000000e+03,6.36094950e-02,9.35390505e-01,1.99812822e+00,1.87078195e+00,1.27346273e-01,3.28823841e-02,1.18999372e-01,1.00100104e+00,1.40625701e-01,1.29815210e-07,1.44300173e+00,False,False,False,False,False,False,False,False
1.50500000e+03,6.35838640e-02,9.35416136e-01,1.99812817e+00,1.87083321e+00,1.27294959e-01,3.28686993e-02,1.18954681e-01,1.00100104e+00,1.40563198e-01,1.30247925e-07,1.44288912e+00,False,False,False,False,False,False,False,False
1.51000000e+03,6.35585720e-02,9.35441428e-01,1.99812812e+00,1.87088379e+00,1.27244325e-01,3.28551958e-02,1.18910579e-01,1.00100104e+00,1.40501527e-01,1.30680641e-07,1.44277799e+00,False,False,False,False,False,False,False,False
1.51500000e+03,6.35335830e-02,9.35466417e-01,1.99812807e+00,1.87093377e+00,1.27194297e-01,3.28418545e-02,1.18867003e-01,1.00100104e+00,1.40440600e-01,1.31113356e-07,1.44266819e+00,False,False,False,False,False,False,False,False
1.52000000e+03,6.35088630e-02,9.35491137e-01,1.99812802e+00,1.87098321e+00,1.27144807e-01,3.28286572e-02,1.18823893e-01,1.00100104e+00,1.40380333e-01,1.31546072e-07,1.44255955e+00,False,False,False,False,False,False,False,False
1.52500000e+03,6.34843750e-02,9.35515625e-01,1.99812797e+00,1.87103219e+00,1.27095782e-01,3.28155840e-02,1.18781186e-01,1.00100103e+00,1.40320637e-01,1.31978787e-07,1.44245193e+00,False,False,False,False,False,False,False,False
1.53000000e+03,6.34600850e-02,9.35539915e-01,1.99812792e+00,1.87108077e+00,1.27047154e-01,3.28026168e-02,1.18738822e-01,1.00100103e+00,1.40261428e-01,1.32411503e-07,1.44234517e+00,False,False,False,False,False,False,False,False
1.53500000e+03,6.34359570e-02,9.35564043e-01,1.99812787e+00,1.87112902e+00,1.26998849e-01,3.27897365e-02,1.18696737e-01,1.00100103e+00,1.40202619e-01,1.32844218e-07,1.44223911e+00,False,False,False,False,False,False,False,False
1.54000000e+03,6.34119550e-02,9.35588045e-01,1.99812782e+00,1.87117703e+00,1.26950797e-01,3.27769237e-02,1.18654871e-01,1.00100103e+00,1.40144121e-01,1.33276934e-07,1.44213359e+00,False,False,False,False,False,False,False,False
1.54500000e+03,6.33880430e-02,9.35611957e-01,1.99812778e+00,1.87122485e+00,1.26902925e-01,3.27641593e-02,1.18613159e-01,1.00100103e+00,1.40085847e-01,1.33709649e-07,1.44202846e+00,False,False,False,False,False,False,False,False
1.55000000e+03,6.33641880e-02,9.35635812e-01,1.99812773e+00,1.87127256e+00,1.26855168e-01,3.27514257e-02,1.18571544e-01,1.00100103e+00,1.40027716e-01,1.34142365e-07,1.44192358e+00,False,False,False,False,False,False,False,False
1.55500000e+03,6.33403520e-02,9.35659648e-01,1.99812768e+00,1.87132023e+00,1.26807448e-01,3.27387025e-02,1.18529960e-01,1.00100103e+00,1.39969636e-01,1.34575080e-07,1.44181877e+00,False,False,False,False,False,False,False,False
1.56000000e+03,6.33165010e-02,9.35683499e-01,1.99812763e+00,1.87136793e+00,1.26759698e-01,3.27259716e-02,1.18488347e-01,1.00100103e+00,1.39911524e-01,1.35007796e-07,1.44171388e+00,False,False,False,False,False,False,False,False
1.56500000e+03,6.32925990e-02,9.35707401e-01,1.99812759e+00,1.87141574e+00,1.26711846e-01,3.27132138e-02,1.18446643e-01,1.00100103e+00,1.39853292e-01,1.35440511e-07,1.44160876e+00,False,False,False,False,False,False,False,False
1.57000000e+03,6.32686100e-02,9.35731390e-01,1.99812754e+00,1.87146372e+00,1.26663820e-01,3.27004099e-02,1.18404785e-01,1.00100103e+00,1.39794852e-01,1.35873226e-07,1.44150325e+00,False,False,False,False,False,False,False,False
1.57500000e+03,6.32445000e-02,9.35755500e-01,1.99812749e+00,1.87151194e+00,1.26615552e-01,3.26875417e-02,1.18362714e-01,1.00100103e+00,1.39736123e-01,1.36305942e-07,1.44139720e+00,False,False,False,False,False,False,False,False
1.58000000e+03,6.32202330e-02,9.35779767e-01,1.99812744e+00,1.87156047e+00,1.26566970e-01,3.26745900e-02,1.18320367e-01,1.00100103e+00,1.39677015e-01,1.36738657e-07,1.44129045e+00,False,False,False,False,False,False,False,False
1.58500000e+03,6.31957730e-02,9.35804227e-01,1.99812739e+00,1.87160939e+00,1.26518001e-01,3.26615357e-02,1.18277680e-01,1.00100103e+00,1.39617442e-01,1.37171373e-07,1.44118284e+00,False,False,False,False,False,False,False,False
1.59000000e+03,6.31710840e-02,9.35828916e-01,1.99812734e+00,1.87165877e+00,1.26468573e-01,3.26483595e-02,1.18234591e-01,1.00100103e+00,1.39557316e-01,1.37604088e-07,1.44107421e+00,False,False,False,False,False,False,False,False
1.59500000e+03,6.31461320e-02,9.35853868e-01,1.99812729e+00,1.87170867e+00,1.26418619e-01,3.26350432e-02,1.18191041e-01,1.00100103e+00,1.39496555e-01,1.38036803e-07,1.44096442e+00,False,False,False,False,False,False,False,False
1.60000000e+03,6.31208810e-02,9.35879119e-01,1.99812724e+00,1.87175917e+00,1.26368067e-01,3.26215678e-02,1.18146966e-01,1.00100103e+00,1.39435070e-01,1.38469518e-07,1.44085330e+00,False,False,False,False,False,False,False,False
1.60500000e+03,6.30952950e-02,9.35904705e-01,1.99812719e+00,1.87181035e+00,1.26316844e-01,3.26079139e-02,1.18102304e-01,1.00100103e+00,1.39372775e-01,1.38902234e-07,1.44074069e+00,False,False,False,False,False,False,False,False
1.61000000e+03,6.30693400e-02,9.35930660e-01,1.99812714e+00,1.87186226e+00,1.26264882e-01,3.25940635e-02,1.18056995e-01,1.00100103e+00,1.39309586e-01,1.39334949e-07,1.44062645e+00,False,False,False,False,False,False,False,False
1.61500000e+03,6.30429790e-02,9.35957021e-01,1.99812709e+00,1.87191498e+00,1.26212107e-01,3.25799968e-02,1.18010975e-01,1.00100103e+00,1.39245415e-01,1.39767664e-07,1.44051042e+00,False,False,False,False,False,False,False,False
1.62000000e+03,6.30161770e-02,9.35983823e-01,1.99812703e+00,1.87196858e+00,1.26158449e-01,3.25656951e-02,1.17964182e-01,1.00100103e+00,1.39180175e-01,1.40200379e-07,1.44039243e+00,False,False,False,False,False,False,False,False
1.62500000e+03,6.29888980e-02,9.36011102e-01,1.99812698e+00,1.87202314e+00,1.26103837e-01,3.25511394e-02,1.17916553e-01,1.00100103e+00,1.39113780e-01,1.40633094e-07,1.44027233e+00,False,False,False,False,False,False,False,False
1.63000000e+03,6.29611080e-02,9.36038892e-01,1.99812692e+00,1.87207872e+00,1.26048201e-01,3.25363114e-02,1.17868029e-01,1.00100103e+00,1.39046147e-01,1.41065809e-07,1.44014997e+00,False,False,False,False,False,False,False,False
1.63500000e+03,6.29327710e-02,9.36067229e-01,1.99812687e+00,1.87213540e+00,1.25991470e-01,3.25211920e-02,1.17818546e-01,1.00100103e+00,1.38977189e-01,1.41498524e-07,1.44002519e+00,False,False,False,False,False,False,False,False
1.64000000e+03,6.29038510e-02,9.36096149e-01,1.99812681e+00,1.87219324e+00,1.25933573e-01,3.25057620e-02,1.17768042e-01,1.00100103e+00,1.38906819e-01,1.41931239e-07,1.43989783e+00,False,False,False,False,False,False,False,False
1.64500000e+03,6.28743120e-02,9.36125688e-01,1.99812675e+00,1.87225231e+00,1.25874435e-01,3.24900021e-02,1.17716454e-01,1.00100103e+00,1.38834950e-01,1.42363954e-07,1.43976772e+00,False,False,False,False,False,False,False,False
1.65000000e+03,6.28441200e-02,9.36155880e-01,1.99812669e+00,1.87231270e+00,1.25813991e-01,3.24738944e-02,1.17663722e-01,1.00100103e+00,1.38761499e-01,1.42796668e-07,1.43963473e+00,False,False,False,False,False,False,False,False
1.65500000e+03,6.28132390e-02,9.36186761e-01,1.99812663e+00,1.87237446e+00,1.25752167e-01,3.24574197e-02,1.17609783e-01,1.00100103e+00,1.38686379e-01,1.43229383e-07,1.43949869e+00,False,False,False,False,False,False,False,False
1.66000000e+03,6.27816340e-02,9.36218366e-01,1.99812656e+00,1.87243767e+00,1.25688894e-01,3.24405592e-02,1.17554575e-01,1.00100103e+00,1.38609505e-01,1.43662098e-07,1.43935944e+00,False,False,False,False,False,False,False,False
1.66500000e+03,6.27492680e-02,9.36250732e-01,1.99812650e+00,1.87250240e+00,1.25624097e-01,3.24232933e-02,1.17498033e-01,1.00100103e+00,1.38530789e-01,1.44094812e-07,1.43921683e+00,False,False,False,False,False,False,False,False
1.67000000e+03,6.27161070e-02,9.36283893e-01,1.99812643e+00,1.87256872e+00,1.25557709e-01,3.24056039e-02,1.17440099e-01,1.00100103e+00,1.38450147e-01,1.44527526e-07,1.43907069e+00,False,False,False,False,False,False,False,False
1.67500000e+03,6.26821150e-02,9.36317885e-01,1.99812636e+00,1.87263671e+00,1.25489657e-01,3.23874718e-02,1.17380708e-01,1.00100103e+00,1.38367494e-01,1.44960241e-07,1.43892087e+00,False,False,False,False,False,False,False,False
1.68000000e+03,6.26472570e-02,9.36352743e-01,1.99812629e+00,1.87270642e+00,1.25419871e-01,3.23688785e-02,1.17319799e-01,1.00100103e+00,1.38282744e-01,1.45392955e-07,1.43876722e+00,False,False,False,False,False,False,False,False
1.68500000e+03,6.26114970e-02,9.36388503e-01,1.99812622e+00,1.87277794e+00,1.25348280e-01,3.23498048e-02,1.17257309e-01,1.00100103e+00,1.38195811e-01,1.45825669e-07,1.43860957e+00,False,False,False,False,False,False,False,False
1.69000000e+03,6.25747990e-02,9.36425201e-01,1.99812615e+00,1.87285134e+00,1.25274810e-01,3.23302314e-02,1.17193175e-01,1.00100103e+00,1.38106608e-01,1.46258383e-07,1.43844777e+00,False,False,False,False,False,False,False,False
1.69500000e+03,6.25371290e-02,9.36462871e-01,1.99812607e+00,1.87292668e+00,1.25199395e-01,3.23101404e-02,1.17127336e-01,1.00100103e+00,1.38015053e-01,1.46691097e-07,1.43828166e+00,False,False,False,False,False,False,False,False
1.70000000e+03,6.24984510e-02,9.36501549e-01,1.99812600e+00,1.87300404e+00,1.25121961e-01,3.22895126e-02,1.17059730e-01,1.00100103e+00,1.37921060e-01,1.47123811e-07,1.43811108e+00,False,False,False,False,False,False,False,False
1.70500000e+03,6.24587290e-02,9.36541271e-01,1.99812592e+00,1.87308348e+00,1.25042438e-01,3.22683289e-02,1.16990292e-01,1.00100103e+00,1.37824542e-01,1.47556525e-07,1.43793587e+00,False,False,False,False,False,False,False,False
1.71000000e+03,6.24179280e-02,9.36582072e-01,1.99812584e+00,1.87316508e+00,1.24960754e-01,3.22465706e-02,1.16918962e-01,1.00100103e+00,1.37725415e-01,1.47989238e-07,1.43775587e+00,False,False,False,False,False,False,False,False
1.71500000e+03,6.23760120e-02,9.36623988e-01,1.99812575e+00,1.87324891e+00,1.24876838e-01,3.22242187e-02,1.16845676e-01,1.00100103e+00,1.37623592e-01,1.48421952e-07,1.43757093e+00,False,False,False,False,False,False,False,False
1.72000000e+03,6.23329470e-02,9.36667053e-01,1.99812567e+00,1.87333504e+00,1.24790622e-01,3.22012551e-02,1.16770373e-01,1.00100103e+00,1.37518992e-01,1.48854665e-07,1.43738089e+00,False,False,False,False,False,False,False,False
1.72500000e+03,6.22886960e-02,9.36711304e-01,1.99812558e+00,1.87342355e+00,1.24702032e-01,3.21776602e-02,1.16692989e-01,1.00100103e+00,1.37411527e-01,1.49287379e-07,1.43718558e+00,False,False,False,False,False,False,False,False
1.73000000e+03,6.22432240e-02,9.36756776e-01,1.99812549e+00,1.87351449e+00,1.24610997e-01,3.21534153e-02,1.16613461e-01,1.00100103e+00,1.37301113e-01,1.49720092e-07,1.43698485e+00,False,False,False,False,False,False,False,False
1.73500000e+03,6.21911840e-02,9.36808816e-01,1.99812538e+00,1.87361857e+00,1.24506813e-01,3.21256699e-02,1.16522437e-01,1.00100103e+00,1.37174770e-01,1.50152804e-07,1.43675509e+00,False,False,False,False,False,False,False,False
1.74000000e+03,6.21265990e-02,9.36873401e-01,1.99812525e+00,1.87374774e+00,1.24377513e-01,3.20912381e-02,1.16409454e-01,1.00100103e+00,1.37017999e-01,1.50585516e-07,1.43646988e+00,False,False,False,False,False,False,False,False
1.74500000e+03,6.20510060e-02,9.36948994e-01,1.99812510e+00,1.87389893e+00,1.24226176e-01,3.20509406e-02,1.16277193e-01,1.00100103e+00,1.36834549e-01,1.51018226e-07,1.43613598e+00,False,False,False,False,False,False,False,False
1.75000000e+03,6.19659730e-02,9.37034027e-01,1.99812493e+00,1.87406899e+00,1.24055940e-01,3.20056145e-02,1.16128388e-01,1.00100103e+00,1.36628243e-01,1.51450936e-07,1.43576027e+00,False,False,False,False,False,False,False,False
1.75500000e+03,6.18730670e-02,9.37126933e-01,1.99812475e+00,1.87425480e+00,1.23869942e-01,3.19560963e-02,1.15965773e-01,1.00100103e+00,1.36402900e-01,1.51883645e-07,1.43534963e+00,False,False,False,False,False,False,False,False
1.76000000e+03,6.17738570e-02,9.37226143e-01,1.99812455e+00,1.87445322e+00,1.23671323e-01,3.19032235e-02,1.15792086e-01,1.00100103e+00,1.36162341e-01,1.52316353e-07,1.43491098e+00,False,False,False,False,False,False,False,False
1.76500000e+03,6.16699100e-02,9.37330090e-01,1.99812434e+00,1.87466112e+00,1.23463221e-01,3.18478318e-02,1.15610063e-01,1.00100103e+00,1.35910377e-01,1.52749061e-07,1.43445121e+00,False,False,False,False,False,False,False,False
1.77000000e+03,6.15627940e-02,9.37437206e-01,1.99812413e+00,1.87487535e+00,1.23248775e-01,3.17907577e-02,1.15422446e-01,1.00100103e+00,1.35650820e-01,1.53181769e-07,1.43397724e+00,False,False,False,False,False,False,False,False
1.77500000e+03,6.14540780e-02,9.37545922e-01,1.99812391e+00,1.87509278e+00,1.23031126e-01,3.17328375e-02,1.15231979e-01,1.00100103e+00,1.35387476e-01,1.53614476e-07,1.43349600e+00,False,False,False,False,False,False,False,False
1.78000000e+03,6.13453280e-02,9.37654672e-01,1.99812369e+00,1.87531028e+00,1.22813408e-01,3.16749057e-02,1.15041405e-01,1.00100103e+00,1.35124142e-01,1.54047183e-07,1.43301441e+00,False,False,False,False,False,False,False,False
1.78500000e+03,6.12381140e-02,9.37761886e-01,1.99812348e+00,1.87552471e+00,1.22598765e-01,3.16177985e-02,1.14853477e-01,1.00100103e+00,1.34864617e-01,1.54479891e-07,1.43253943e+00,False,False,False,False,False,False,False,False
1.79000000e+03,6.11340020e-02,9.37865998e-01,1.99812327e+00,1.87573293e+00,1.22390333e-01,3.15623497e-02,1.14670942e-01,1.00100103e+00,1.34612685e-01,1.54912598e-07,1.43207801e+00,False,False,False,False,False,False,False,False
1.79500000e+03,6.10345610e-02,9.37965439e-01,1.99812307e+00,1.87593182e+00,1.22191252e-01,3.15093941e-02,1.14496557e-01,1.00100103e+00,1.34372135e-01,1.55345306e-07,1.43163712e+00,False,False,False,False,False,False,False,False
1.80000000e+03,6.09413580e-02,9.38058642e-01,1.99812288e+00,1.87611822e+00,1.22004660e-01,3.14597653e-02,1.14333074e-01,1.00100103e+00,1.34146744e-01,1.55778015e-07,1.43122375e+00,False,False,False,False,False,False,False,False
1.80500000e+03,6.08559620e-02,9.38144038e-01,1.99812271e+00,1.87628902e+00,1.21833697e-01,3.14142979e-02,1.14183255e-01,1.00100103e+00,1.33940292e-01,1.56210724e-07,1.43084487e+00,False,False,False,False,False,False,False,False
1.81000000e+03,6.07799410e-02,9.38220059e-01,1.99812256e+00,1.87644106e+00,1.21681503e-01,3.13738253e-02,1.14049859e-01,1.00100103e+00,1.33756552e-01,1.56643434e-07,1.43050748e+00,False,False,False,False,False,False,False,False
1.81500000e+03,6.07148620e-02,9.38285138e-01,1.99812243e+00,1.87657122e+00,1.21551214e-01,3.13391806e-02,1.13935645e-01,1.00100103e+00,1.33599293e-01,1.57076145e-07,1.43021857e+00,False,False,False,False,False,False,False,False
1.82000000e+03,6.06622930e-02,9.38337707e-01,1.99812232e+00,1.87667635e+00,1.21445971e-01,3.13111973e-02,1.13843373e-01,1.00100103e+00,1.33472289e-01,1.57508857e-07,1.42998515e+00,False,False,False,False,False,False,False,False
1.82500000e+03,6.06238030e-02,9.38376197e-01,1.99812225e+00,1.87675333e+00,1.21368914e-01,3.12907095e-02,1.13775807e-01,1.00100103e+00,1.33379312e-01,1.57941570e-07,1.42981421e+00,False,False,False,False,False,False,False,False
1.83000000e+03,6.06009580e-02,9.38399042e-01,1.99812220e+00,1.87679902e+00,1.21323179e-01,3.12785497e-02,1.13735701e-01,1.00100103e+00,1.33324132e-01,1.58374285e-07,1.42971275e+00,False,False,False,False,False,False,False,False
1.83500000e+03,6.05950000e-02,9.38405000e-01,1.99812219e+00,1.87681094e+00,1.21311251e-01,3.12753784e-02,1.13725241e-01,1.00100103e+00,1.33309742e-01,1.58807001e-07,1.42968628e+00,False,False,False,False,False,False,False,False
1.84000000e+03,6.05950000e-02,9.38405000e-01,1.99812219e+00,1.87681094e+00,1.21311251e-01,3.12753784e-02,1.13725241e-01,1.00100103e+00,1.33309742e-01,1.59239717e-07,1.42968628e+00,False,False,False,False,False,False,False,False
1.84500000e+03,6.05950000e-02,9.38405000e-01,1.99812219e+00,1.87681094e+00,1.21311251e-01,3.12753784e-02,1.13725241e-01,1.00100103e+00,1.33309742e-01,1.59672434e-07,1.42968628e+00,False,False,False,False,False,False,False,False
1.85000000e+03,6.05950000e-02,9.38405000e-01,1.99812219e+00,1.87681094e+00,1.21311251e-01,3.12753784e-02,1.13725241e-01,1.00100103e+00,1.33309742e-01,1.60105151e-07,1.42968628e+00,False,False,False,False,False,False,False,False
1.85500000e+03,6.05950000e-02,9.38405000e-01,1.99812219e+00,1.87681094e+00,1.21311251e-01,3.12753784e-02,1.13725241e-01,1.00100103e+00,1.33309742e-01,1.60537867e-07,1.42968628e+00,False,False,False,False,False,False,False,False
1.86000000e+03,6.05950000e-02,9.38405000e-01,1.99812219e+00,1.87681094e+00,1.21311251e-01,3.12753784e-02,1.13725241e-01,1.00100103e+00,1.33309742e-01,1.60970584e-07,1.42968628e+00,False,False,False,False,False,False,False,False
1.86500000e+03,6.05950000e-02,9.38405000e-01,1.99812219e+00,1.87681094e+00,1.21311251e-01,3.12753784e-02,1.13725241e-01,1.00100103e+00,1.33309742e-01,1.61403300e-07,1.42968628e+00,False,False,False,False,False,False,False,False
1.87000000e+03,6.05950000e-02,9.38405000e-01,1.99812219e+00,1.87681094e+00,1.21311251e-01,3.12753784e-02,1.13725241e-01,1.00100103e+00,1.33309742e-01,1.61836017e-07,1.42968628e+00,False,False,False,False,False,False,False,False
1.87500000e+03,6.05950000e-02,9.38405000e-01,1.99812219e+00,1.87681094e+00,1.21311251e-01,3.12753784e-02,1.13725241e-01,1.00100103e+00,1.33309742e-01,1.62268734e-07,1.42968628e+00,False,False,False,False,False,False,False,False
1.88000000e+03,6.05950000e-02,9.38405000e-01,1.99812219e+00,1.87681094e+00,1.21311251e-01,3.12753784e-02,1.13725241e-01,1.00100103e+00,1.33309742e-01,1.62701450e-07,1.42968628e+00,False,False,False,False,False,False,False,False
1.88500000e+03,6.05950000e-02,9.38405000e-01,1.99812219e+00,1.87681094e+00,1.21311251e-01,3.12753784e-02,1.13725241e-01,1.00100103e+00,1.33309742e-01,1.63134167e-07,1.42968628e+00,False,False,False,False,False,False,False,False
1.89000000e+03,6.05950000e-02,9.38405000e-01,1.99812219e+00,1.87681094e+00,1.21311251e-01,3.12753784e-02,1.13725241e-01,1.00100103e+00,1.33309742e-01,1.63566884e-07,1.42968628e+00,False,False,False,False,False,False,False,False
1.89500000e+03,6.05950000e-02,9.38405000e-01,1.99812219e+00,1.87681094e+00,1.21311251e-01,3.12753784e-02,1.13725241e-01,1.00100103e+00,1.33309742e-01,1.63999600e-07,1.42968628e+00,False,False,False,False,False,False,False,False
1.90000000e+03,6.05950000e-02,9.38405000e-01,1.99812219e+00,1.87681094e+00,1.21311251e-01,3.12753784e-02,1.13725241e-01,1.00100103e+00,1.33309742e-01,1.64432317e-07,1.42968628e+00,False,False,False,False,False,False,False,False
1.90500000e+03,6.05950000e-02,9.38405000e-01,1.99812219e+00,1.87681094e+00,1.21311251e-01,3.12753784e-02,1.13725241e-01,1.00100103e+00,1.33309742e-01,1.64865033e-07,1.42968628e+00,False,False,False,False,False,False,False,False
1.91000000e+03,6.05950000e-02,9.38405000e-01,1.99812219e+00,1.87681094e+00,1.21311251e-01,3.12753784e-02,1.13725241e-01,1.00100103e+00,1.33309742e-01,1.65297750e-07,1.42968628e+00,False,False,False,False,False,False,False,False
1.91500000e+03,6.05950000e-02,9.38405000e-01,1.99812219e+00,1.87681094e+00,1.21311251e-01,3.12753784e-02,1.13725241e-01,1.00100103e+00,1.33309742e-01,1.65730467e-07,1.42968628e+00,False,False,False,False,False,False,False,False
1.92000000e+03,6.05950000e-02,9.38405000e-01,1.99812219e+00,1.87681094e+00,1.21311251e-01,3.12753784e-02,1.13725241e-01,1.00100103e+00,1.33309742e-01,1.66163183e-07,1.42968628e+00,False,False,False,False,False,False,False,False
1.92500000e+03,6.05950000e-02,9.38405000e-01,1.99812219e+00,1.87681094e+00,1.21311251e-01,3.12753784e-02,1.13725241e-01,1.00100103e+00,1.33309742e-01,1.66595900e-07,1.42968628e+00,False,False,False,False,False,False,False,False
1.93000000e+03,6.05950000e-02,9.38405000e-01,1.99812219e+00,1.87681094e+00,1.21311251e-01,3.12753784e-02,1.13725241e-01,1.00100103e+00,1.33309742e-01,1.67028617e-07,1.42968628e+00,False,False,False,False,False,False,False,False
1.93500000e+03,6.05950000e-02,9.38405000e-01,1.99812219e+00,1.87681094e+00,1.21311251e-01,3.12753784e-02,1.13725241e-01,1.00100103e+00,1.33309742e-01,1.67461333e-07,1.42968628e+00,False,False,False,False,False,False,False,False
1.94000000e+03,6.05950000e-02,9.38405000e-01,1.99812219e+00,1.87681094e+00,1.21311251e-01,3.12753784e-02,1.13725241e-01,1.00100103e+00,1.33309742e-01,1.67894050e-07,1.42968628e+00,False,False,False,False,False,False,False,False
1.94500000e+03,6.05950000e-02,9.38405000e-01,1.99812219e+00,1.87681094e+00,1.21311251e-01,3.12753784e-02,1.13725241e-01,1.00100103e+00,1.33309742e-01,1.68326766e-07,1.42968628e+00,False,False,False,False,False,False,False,False
1.95000000e+03,6.05950000e-02,9.38405000e-01,1.99812219e+00,1.87681094e+00,1.21311251e-01,3.12753784e-02,1.13725241e-01,1.00100103e+00,1.33309742e-01,1.68759483e-07,1.42968628e+00,False,False,False,False,False,False,False,False
1.95500000e+03,6.05950000e-02,9.38405000e-01,1.99812219e+00,1.87681094e+00,1.21311251e-01,3.12753784e-02,1.13725241e-01,1.00100103e+00,1.33309742e-01,1.69192200e-07,1.42968628e+00,False,False,False,False,False,False,False,False
1.96000000e+03,6.05950000e-02,9.38405000e-01,1.99812219e+00,1.87681094e+00,1.21311251e-01,3.12753784e-02,1.13725241e-01,1.00100103e+00,1.33309742e-01,1.69624916e-07,1.42968628e+00,False,False,False,False,False,False,False,False
1.96500000e+03,6.05950000e-02,9.38405000e-01,1.99812219e+00,1.87681094e+00,1.21311251e-01,3.12753784e-02,1.13725241e-01,1.00100103e+00,1.33309742e-01,1.70057633e-07,1.42968628e+00,False,False,False,False,False,False,False,False
1.97000000e+03,6.05950000e-02,9.38405000e-01,1.99812219e+00,1.87681094e+00,1.21311251e-01,3.12753784e-02,1.13725241e-01,1.00100103e+00,1.33309742e-01,1.70490349e-07,1.42968628e+00,False,False,False,False,False,False,False,False
1.97500000e+03,6.05950000e-02,9.38405000e-01,1.99812219e+00,1.87681094e+00,1.21311251e-01,3.12753784e-02,1.13725241e-01,1.00100103e+00,1.33309742e-01,1.70923066e-07,1.42968628e+00,False,False,False,False,False,False,False,False
1.98000000e+03,6.05950000e-02,9.38405000e-01,1.99812219e+00,1.87681094e+00,1.21311251e-01,3.12753784e-02,1.13725241e-01,1.00100103e+00,1.33309742e-01,1.71355783e-07,1.42968628e+00,False,False,False,False,False,False,False,False
1.98500000e+03,6.05950000e-02,9.38405000e-01,1.99812219e+00,1.87681094e+00,1.21311251e-01,3.12753784e-02,1.13725241e-01,1.00100103e+00,1.33309742e-01,1.71788499e-07,1.42968628e+00,False,False,False,False,False,False,False,False
1.99000000e+03,6.05950000e-02,9.38405000e-01,1.99812219e+00,1.87681094e+00,1.21311251e-01,3.12753784e-02,1.13725241e-01,1.00100103e+00,1.33309742e-01,1.72221216e-07,1.42968628e+00,False,False,False,False,False,False,False,False
1.99500000e+03,6.05950000e-02,9.38405000e-01,1.99812219e+00,1.87681094e+00,1.21311251e-01,3.12753784e-02,1.13725241e-01,1.00100103e+00,1.33309742e-01,1.72653933e-07,1.42968628e+00,False,False,False,False,False,False,False,False
2.00000000e+03,6.05950000e-02,9.38405000e-01,1.99812219e+00,1.87681094e+00,1.21311251e-01,3.12753784e-02,1.13725241e-01,1.00100103e+00,1.33309742e-01,1.73086649e-07,1.42968628e+00,False,False,False,False,False,False,False,False
2.00500000e+03,6.05950000e-02,9.38405000e-01,1.99812219e+00,1.87681094e+00,1.21311251e-01,3.12753784e-02,1.13725241e-01,1.00100103e+00,1.33309742e-01,1.73519366e-07,1.42968628e+00,False,False,False,False,False,False,False,False
2.01000000e+03,6.05950000e-02,9.38405000e-01,1.99812219e+00,1.87681094e+00,1.21311251e-01,3.12753784e-02,1.13725241e-01,1.00100103e+00,1.33309742e-01,1.73952082e-07,1.42968628e+00,False,False,False,False,False,False,False,False
2.01500000e+03,6.05950000e-02,9.38405000e-01,1.99812219e+00,1.87681094e+00,1.21311251e-01,3.12753784e-02,1.13725241e-01,1.00100103e+00,1.33309742e-01,1.74384799e-07,1.42968628e+00,False,False,False,False,False,False,False,False
2.02000000e+03,6.05950000e-02,9.38405000e-01,1.99812219e+00,1.87681094e+00,1.21311251e-01,3.12753784e-02,1.13725241e-01,1.00100103e+00,1.33309742e-01,1.74817516e-07,1.42968628e+00,False,False,False,False,False,False,False,False
2.02500000e+03,6.05950000e-02,9.38405000e-01,1.99812219e+00,1.87681094e+00,1.21311251e-01,3.12753784e-02,1.13725241e-01,1.00100103e+00,1.33309742e-01,1.75250232e-07,1.42968628e+00,False,False,False,False,False,False,False,False
2.03000000e+03,6.05950000e-02,9.38405000e-01,1.99812219e+00,1.87681094e+00,1.21311251e-01,3.12753784e-02,1.13725241e-01,1.00100103e+00,1.33309742e-01,1.75682949e-07,1.42968628e+00,False,False,False,False,False,False,False,False
2.03500000e+03,6.05950000e-02,9.38405000e-01,1.99812219e+00,1.87681094e+00,1.21311251e-01,3.12753784e-02,1.13725241e-01,1.00100103e+00,1.33309742e-01,1.76115666e-07,1.42968628e+00,False,False,False,False,False,False,False,False
2.04000000e+03,6.05950000e-02,9.38405000e-01,1.99812219e+00,1.87681094e+00,1.21311251e-01,3.12753784e-02,1.13725241e-01,1.00100103e+00,1.33309742e-01,1.76548382e-07,1.42968628e+00,False,False,False,False,False,False,False,False
2.04500000e+03,6.05950000e-02,9.38405000e-01,1.99812219e+00,1.87681094e+00,1.21311251e-01,3.12753784e-02,1.13725241e-01,1.00100103e+00,1.33309742e-01,1.76981099e-07,1.42968628e+00,False,False,False,False,False,False,False,False
2.05000000e+03,6.05950000e-02,9.38405000e-01,1.99812219e+00,1.87681094e+00,1.21311251e-01,3.12753784e-02,1.13725241e-01,1.00100103e+00,1.33309742e-01,1.77413815e-07,1.42968628e+00,False,False,False,False,False,False,False,False
2.05500000e+03,6.05950000e-02,9.38405000e-01,1.99812219e+00,1.87681094e+00,1.21311251e-01,3.12753784e-02,1.13725241e-01,1.00100103e+00,1.33309742e-01,1.77846532e-07,1.42968628e+00,False,False,False,False,False,False,False,False
2.06000000e+03,6.05950000e-02,9.38405000e-01,1.99812219e+00,1.87681094e+00,1.21311251e-01,3.12753784e-02,1.13725241e-01,1.00100103e+00,1.33309742e-01,1.78279249e-07,1.42968628e+00,False,False,False,False,False,False,False,False
2.06500000e+03,6.05950000e-02,9.38405000e-01,1.99812219e+00,1.87681094e+00,1.21311251e-01,3.12753784e-02,1.13725241e-01,1.00100103e+00,1.33309742e-01,1.78711965e-07,1.42968628e+00,False,False,False,False,False,False,False,False
2.07000000e+03,6.05950000e-02,9.38405000e-01,1.99812219e+00,1.87681094e+00,1.21311251e-01,3.12753784e-02,1.13725241e-01,1.00100103e+00,1.33309742e-01,1.79144682e-07,1.42968628e+00,False,False,False,False,False,False,False,False
2.07500000e+03,6.05950000e-02,9.38405000e-01,1.99812219e+00,1.87681094e+00,1.21311251e-01,3.12753784e-02,1.13725241e-01,1.00100103e+00,1.33309742e-01,1.79577399e-07,1.42968628e+00,False,False,False,False,False,False,False,False
2.08000000e+03,6.05950000e-02,9.38405000e-01,1.99812219e+00,1.87681094e+00,1.21311251e-01,3.12753784e-02,1.13725241e-01,1.00100103e+00,1.33309742e-01,1.80010115e-07,1.42968628e+00,False,False,False,False,False,False,False,False
2.08500000e+03,6.05950000e-02,9.38405000e-01,1.99812219e+00,1.87681094e+00,1.21311251e-01,3.12753784e-02,1.13725241e-01,1.00100103e+00,1.33309742e-01,1.80442832e-07,1.42968628e+00,False,False,False,False,False,False,False,False
2.09000000e+03,6.05950000e-02,9.38405000e-01,1.99812219e+00,1.87681094e+00,1.21311251e-01,3.12753784e-02,1.13725241e-01,1.00100103e+00,1.33309742e-01,1.80875548e-07,1.42968628e+00,False,False,False,False,False,False,False,False
2.09500000e+03,6.05950000e-02,9.38405000e-01,1.99812219e+00,1.87681094e+00,1.21311251e-01,3.12753784e-02,1.13725241e-01,1.00100103e+00,1.33309742e-01,1.81308265e-07,1.42968628e+00,False,False,False,False,False,False,False,False
2.10000000e+03,6.05825530e-02,9.38417447e-01,1.99812217e+00,1.87683583e+00,1.21286332e-01,3.12687534e-02,1.13703389e-01,1.00100103e+00,1.33279680e-01,1.81740980e-07,1.42963099e+00,False,False,False,False,False,False,False,False
2.10500000e+03,6.05327490e-02,9.38467251e-01,1.99812207e+00,1.87693544e+00,1.21186624e-01,3.12422455e-02,1.13615945e-01,1.00100103e+00,1.33159406e-01,1.82173692e-07,1.42940974e+00,False,False,False,False,False,False,False,False
2.11000000e+03,6.04484160e-02,9.38551584e-01,1.99812190e+00,1.87710411e+00,1.21017789e-01,3.11973629e-02,1.13467853e-01,1.00100103e+00,1.32955789e-01,1.82606400e-07,1.42903499e+00,False,False,False,False,False,False,False,False
2.11500000e+03,6.03333370e-02,9.38666663e-01,1.99812167e+00,1.87733427e+00,1.20787401e-01,3.11361234e-02,1.13265724e-01,1.00100103e+00,1.32678026e-01,1.83039104e-07,1.42852342e+00,False,False,False,False,False,False,False,False
2.12000000e+03,6.01912930e-02,9.38808707e-01,1.99812138e+00,1.87761835e+00,1.20503029e-01,3.10605444e-02,1.13016160e-01,1.00100103e+00,1.32335320e-01,1.83471806e-07,1.42789168e+00,False,False,False,False,False,False,False,False
2.12500000e+03,6.00260650e-02,9.38973935e-01,1.99812105e+00,1.87794881e+00,1.20172242e-01,3.09726435e-02,1.12725761e-01,1.00100103e+00,1.31936874e-01,1.83904505e-07,1.42715638e+00,False,False,False,False,False,False,False,False
2.13000000e+03,5.98414350e-02,9.39158565e-01,1.99812068e+00,1.87831807e+00,1.19802613e-01,3.08744385e-02,1.12401133e-01,1.00100103e+00,1.31491888e-01,1.84337203e-07,1.42633418e+00,False,False,False,False,False,False,False,False
2.13500000e+03,5.96411840e-02,9.39358816e-01,1.99812028e+00,1.87871857e+00,1.19401710e-01,3.07679459e-02,1.12048884e-01,1.00100103e+00,1.31009551e-01,1.84769898e-07,1.42544174e+00,False,False,False,False,False,False,False,False
2.14000000e+03,5.94290930e-02,9.39570907e-01,1.99811986e+00,1.87914275e+00,1.18977104e-01,3.06551807e-02,1.11675634e-01,1.00100103e+00,1.30499030e-01,1.85202592e-07,1.42449577e+00,False,False,False,False,False,False,False,False
2.14500000e+03,5.92089440e-02,9.39791056e-01,1.99811942e+00,1.87958305e+00,1.18536365e-01,3.05381573e-02,1.11288013e-01,1.00100103e+00,1.29969479e-01,1.85635286e-07,1.42351303e+00,False,False,False,False,False,False,False,False
2.15000000e+03,5.89845190e-02,9.40015481e-01,1.99811897e+00,1.88003190e+00,1.18087066e-01,3.04188883e-02,1.10892663e-01,1.00100103e+00,1.29430025e-01,1.86067978e-07,1.42251030e+00,False,False,False,False,False,False,False,False
2.15500000e+03,5.87595970e-02,9.40240403e-01,1.99811852e+00,1.88048175e+00,1.17636772e-01,3.02993827e-02,1.10496236e-01,1.00100103e+00,1.28889764e-01,1.86500671e-07,1.42150445e+00,False,False,False,False,False,False,False,False
2.16000000e+03,5.85379620e-02,9.40462038e-01,1.99811808e+00,1.88092502e+00,1.17193058e-01,3.01816508e-02,1.10105404e-01,1.00100103e+00,1.28357777e-01,1.86933363e-07,1.42051240e+00,False,False,False,False,False,False,False,False
2.16500000e+03,5.83233950e-02,9.40676605e-01,1.99811765e+00,1.88135415e+00,1.16763495e-01,3.00676989e-02,1.09726848e-01,1.00100103e+00,1.27843113e-01,1.87366057e-07,1.41955114e+00,False,False,False,False,False,False,False,False
2.17000000e+03,5.81196760e-02,9.40880324e-01,1.99811724e+00,1.88176159e+00,1.16355649e-01,2.99595315e-02,1.09367261e-01,1.00100103e+00,1.27354796e-01,1.87798751e-07,1.41863769e+00,False,False,False,False,False,False,False,False
2.17500000e+03,5.79305870e-02,9.41069413e-01,1.99811686e+00,1.88213977e+00,1.15977093e-01,2.98591524e-02,1.09033349e-01,1.00100103e+00,1.26901830e-01,1.88231447e-07,1.41778916e+00,False,False,False,False,False,False,False,False
2.18000000e+03,5.77599100e-02,9.41240090e-01,1.99811652e+00,1.88248112e+00,1.15635398e-01,2.97685642e-02,1.08731828e-01,1.00100103e+00,1.26493205e-01,1.88664145e-07,1.41702267e+00,False,False,False,False,False,False,False,False
2.18500000e+03,5.76114260e-02,9.41388574e-01,1.99811622e+00,1.88277809e+00,1.15338132e-01,2.96897681e-02,1.08469419e-01,1.00100103e+00,1.26137893e-01,1.89096845e-07,1.41635541e+00,False,False,False,False,False,False,False,False
2.19000000e+03,5.74889170e-02,9.41511083e-01,1.99811598e+00,1.88302311e+00,1.15092869e-01,2.96247652e-02,1.08252848e-01,1.00100103e+00,1.25844865e-01,1.89529548e-07,1.41580457e+00,False,False,False,False,False,False,False,False
2.19500000e+03,5.73961630e-02,9.41603837e-01,1.99811579e+00,1.88320862e+00,1.14907176e-01,2.95755556e-02,1.08088837e-01,1.00100103e+00,1.25623083e-01,1.89962254e-07,1.41538732e+00,False,False,False,False,False,False,False,False
2.20000000e+03,5.73369460e-02,9.41663054e-01,1.99811567e+00,1.88332705e+00,1.14788623e-01,2.95441412e-02,1.07984110e-01,1.00100103e+00,1.25481525e-01,1.90394963e-07,1.41512086e+00,False,False,False,False,False,False,False,False
